prey,mglm_p,indval,indval_p,indval_grp,share_early,share_late,d_share,direction,mglm_sig,iv_sig,n_criteria,level
Gammaridae,0.001001001001001001,0.9539924874846706,0.001001001001001001,2004-2006,0.0933101028586771,5.049951468448366e-6,-0.09330505290720864,lost,TRUE,TRUE,2,overall
Amphipoda,0.001001001001001001,0.9107417340679403,0.001001001001001001,2018-2019,4.549675568674272e-4,0.08051857158506577,0.08006360402819834,gained,TRUE,TRUE,2,overall
Argis dentata,NA,0.3852958502973315,0.001001001001001001,2004-2006,0.07851045548725502,0.006142612973505606,-0.07236784251374942,lost,FALSE,TRUE,1,overall
Perciformes,0.14014014014014015,0.20007489823547428,0.11311311311311312,2018-2019,0.04577170001551216,0.0970949831501999,0.051323283134687744,gained,FALSE,FALSE,0,overall
Mysida,0.001001001001001001,0.6300723030807028,0.001001001001001001,2004-2006,0.06966093679227418,0.019356304719462918,-0.050304632072811266,lost,TRUE,TRUE,2,overall
Teleostei,0.03903903903903904,0.3996149222225568,0.006006006006006006,2018-2019,0.1518500595151514,0.19831054333676396,0.04646048382161255,gained,TRUE,TRUE,2,overall
Crustacea,0.001001001001001001,0.8011130353209746,0.001001001001001001,2004-2006,0.04501518581394359,0.0023958053395047967,-0.04261938047443879,lost,TRUE,TRUE,2,overall
Pandalus,0.024024024024024024,0.2987438436229783,0.003003003003003003,2004-2006,0.07695324111950104,0.04331827033727892,-0.03363497078222212,lost,TRUE,TRUE,2,overall
Decapoda,0.024024024024024024,0.4859912869368682,0.001001001001001001,2018-2019,0.056473242277106185,0.085123471928671,0.02865022965156481,gained,TRUE,TRUE,2,overall
Arthropoda,0.001001001001001001,0.5221161307139359,0.001001001001001001,2018-2019,6.145575397377114e-5,0.025703452625652955,0.025641996871679184,gained,TRUE,TRUE,2,overall
Euphausiacea,0.03903903903903904,0.35552065553779644,0.001001001001001001,2018-2019,0.028643039315693616,0.051986568420026795,0.02334352910433318,gained,TRUE,TRUE,2,overall
Eualus,0.001001001001001001,0.398467192265718,0.001001001001001001,2004-2006,0.02411906230354571,0.0012499639002132204,-0.02286909840333249,lost,TRUE,TRUE,2,overall
Thoridae,0.01001001001001001,0.189028055426643,0.012012012012012012,2018-2019,0.009016363370265594,0.02507080441812069,0.016054441047855098,gained,TRUE,TRUE,2,overall
Caridea,0.009009009009009009,0.09688180245590176,0.001001001001001001,2004-2006,0.016687345595817343,0.0010436930952375015,-0.015643652500579842,lost,TRUE,TRUE,2,overall
Oregoniidae,0.38738738738738737,0.25445656443682363,0.003003003003003003,2018-2019,0.044610213364745736,0.058469506771918055,0.013859293407172318,gained,FALSE,TRUE,1,overall
other_phyla,0.007007007007007007,0.22882329160954226,0.001001001001001001,2018-2019,0.0019103256252117244,0.015508626881231054,0.013598301256019331,gained,TRUE,TRUE,2,overall
Copepoda,0.38738738738738737,0.4159594591288985,0.21621621621621623,2018-2019,0.021304659365786953,0.03449035819186969,0.01318569882608274,gained,FALSE,FALSE,0,overall
Crangon septemspinosa,NA,0.13461159033360093,0.024024024024024024,2018-2019,0.016353611593614776,0.029092388730784853,0.012738777137170077,gained,FALSE,TRUE,1,overall
Bivalvia,0.004004004004004004,0.43480939771897786,0.001001001001001001,2004-2006,0.017528706872064675,0.005073554669337529,-0.012455152202727146,lost,TRUE,TRUE,2,overall
Mollusca,0.19119119119119118,0.24133174357609566,0.04504504504504504,2004-2006,0.01869751724537287,0.006938059776662954,-0.011759457468709917,lost,FALSE,TRUE,1,overall
Malacostraca,0.001001001001001001,0.2050070892943436,0.001001001001001001,2018-2019,3.386210371749417e-5,0.011562487821568266,0.011528625717850773,gained,TRUE,TRUE,2,overall
Hyperiidae,0.6466466466466466,0.25622202517655174,0.17617617617617617,2004-2006,0.024531317442756793,0.014364041784276497,-0.010167275658480296,lost,FALSE,FALSE,0,overall
Echinozoa,0.4074074074074074,0.16514751105354508,0.2902902902902903,2018-2019,0.012532733185922573,0.0225311164118622,0.009998383225939628,gained,FALSE,FALSE,0,overall
Amphilochida,0.001001001001001001,0.49018777787561085,0.001001001001001001,2018-2019,3.928399797830934e-4,0.008080485669507547,0.007687645689724454,gained,TRUE,TRUE,2,overall
Crangonidae,0.03903903903903904,0.18522694898288392,0.026026026026026026,2004-2006,0.014129731967504486,0.008727227341600965,-0.005402504625903521,lost,TRUE,TRUE,2,overall
Polychaeta,0.9359359359359359,0.4474091624650795,0.8858858858858859,2018-2019,0.08933146866234233,0.09372795047782286,0.004396481815480524,gained,FALSE,FALSE,0,overall
Annelida,0.001001001001001001,0.17735989033156035,0.001001001001001001,2018-2019,1.008814381994359e-4,0.0036641313168535293,0.003563249878654093,gained,TRUE,TRUE,2,overall
Echinodermata,0.8378378378378378,0.15512318731628066,0.46146146146146144,2018-2019,0.010354542047829022,0.01385817387911392,0.0035036318312848987,gained,FALSE,FALSE,0,overall
Diastylis,0.001001001001001001,0.5038059703190699,0.001001001001001001,2004-2006,0.0030464111042171186,1.0332372581569755e-5,-0.003036078731635549,lost,TRUE,TRUE,2,overall
Vertebrata,0.38738738738738737,0.009147502602855476,0.07907907907907907,2018-2019,6.212433402713923e-5,0.002865890252772004,0.002803765918744865,gained,FALSE,FALSE,0,overall
Brachyura,0.4074074074074074,0.14525013209766682,0.003003003003003003,2018-2019,0.015617369664152017,0.018035162865742936,0.002417793201590919,gained,FALSE,TRUE,1,overall
Cumacea,0.001001001001001001,0.464927884588204,0.001001001001001001,2018-2019,1.1695217082592939e-5,0.0023022067378154626,0.0022905115207328694,gained,TRUE,TRUE,2,overall
egg_larvae,0.001001001001001001,0.27013336001715166,0.004004004004004004,2018-2019,0.0028992169012257572,0.005049476238816106,0.0021502593375903483,gained,TRUE,TRUE,2,overall
Chordata,0.6406406406406406,0.06934478225378488,0.15615615615615616,2004-2006,0.0026599667302334923,9.361492694786427e-4,-0.0017238174607548495,lost,FALSE,FALSE,0,overall
Pandalidae,0.014014014014014014,0.03199163244517644,0.005005005005005005,2018-2019,3.5264540733901035e-5,0.001569851078006792,0.0015345865372728908,gained,TRUE,TRUE,2,overall
plantae_chromista,0.977977977977978,0.2716672321342135,0.6146146146146146,2004-2006,0.0038158980392154064,0.0024067845207662564,-0.00140911351844915,lost,FALSE,FALSE,0,overall
Eumalacostraca,0.4074074074074074,0.22172886955026785,0.07007007007007007,2004-2006,0.0011488237874251845,4.417314207774879e-4,-7.070923666476967e-4,lost,FALSE,FALSE,0,overall
Nematoda,0.39039039039039036,0.2811988367235044,0.5785785785785785,2018-2019,0.0023636610112512998,0.002974209737660329,6.105487264090291e-4,gained,FALSE,FALSE,0,overall
