prey,direction,n_resolutions
Amphipoda,gained,3
Annelida,gained,3
Arthropoda,gained,3
Brachyura,gained,3
Crangonidae,lost,3
Crustacea,lost,3
Cumacea,gained,3
Decapoda,gained,3
Diastylis,lost,3
Eualus,lost,3
Gammaridae,lost,3
Malacostraca,gained,3
Mollusca,lost,3
Mysida,lost,3
Pandalidae,gained,3
Pandalus,lost,3
Teleostei,gained,3
egg_larvae,gained,3
other_phyla,gained,3
Amphilochida,gained,2
Argis dentata,lost,2
Bivalvia,lost,2
Caridea,lost,2
Crangon septemspinosa,gained,2
Euphausiacea,gained,2
Thoridae,gained,2
Ampeliscidae,gained,1
Caprellidae,gained,1
Chionoecetes opilio,gained,1
Cistenides granulata,lost,1
Clupea harengus,lost,1
Clypeasteroida,lost,1
Cnidaria,gained,1
Corophiida,gained,1
Cyrtodaria siliqua,lost,1
Echinodermata,gained,1
Euechinoidea,gained,1
Euphausiacea,lost,1
Euphausiidae,gained,1
Eusiridae,gained,1
Lebbeus,gained,1
Lumpenidae,lost,1
Lysianassida,gained,1
Lysianassidae,gained,1
Melitidae,gained,1
Mysidae,gained,1
Oedicerotidae,gained,1
Oregoniidae,gained,1
Paguridae,lost,1
Pasiphaea,lost,1
Pectinariidae,gained,1
Perciformes,gained,1
Pleuronectiformes,gained,1
Rhachotropis,lost,1
Sedentaria,gained,1
Stichaeidae,lost,1
Tanaidacea,gained,1
Tanaididae,lost,1
Terebellida,gained,1
