predator,period,pct_order_or_finer,pct_family_or_finer,n_items
Winter flounder,2004-2006,45,40.9,1123
Atlantic herring,2004-2006,32.4,17.9,565
Alewife,2004-2006,32.4,24.6,309
Rainbow smelt,2004-2006,75.1,47.5,301
Windowpane flounder,2004-2006,92.1,62.9,90
Longhorn sculpin,2004-2006,76.5,59,961
Sea raven,2004-2006,69.4,60.3,125
White hake,2004-2006,73.2,56.6,877
American plaice,2004-2006,71.2,40.7,1800
Greenland cod,2004-2006,79.3,53.8,358
Shorthorn sculpin,2004-2006,83,66.5,429
Moustache sculpin,2004-2006,73,39.1,757
Alligatorfish,2004-2006,62.8,55.6,382
Snakeblenny,2004-2006,38.7,37.1,469
Fourline snakeblenny,2004-2006,43.1,36.9,313
Yellowtail flounder,2004-2006,58.7,50.4,1990
Spatulate sculpin,2004-2006,69.3,26.9,447
Daubed shanny,2004-2006,48.3,39.5,843
Stout eelblenny,2004-2006,26.3,18.8,520
Atlantic mackerel,2004-2006,26.4,20.7,148
Three-spined stickleback,2004-2006,23.4,22.1,158
Fourbeard rockling,2004-2006,55.9,47,237
Atlantic cod,2004-2006,70.8,51.9,10048
Thorny skate,2004-2006,58.6,44.8,2206
Laval's eelpout,2004-2006,76,68.1,804
Atlantic spiny lumpsucker,2004-2006,64,55.6,335
Northern sand lance,2004-2006,10.5,10.5,19
Atlantic poacher,2004-2006,52.8,32.8,969
Dusky snailfish,2004-2006,76.6,52.5,475
Vahl's eelpout,2004-2006,62.2,58.3,187
Atlantic hookear sculpin,2004-2006,56.8,48.2,582
Capelin,2004-2006,66.1,34.7,552
Arctic staghorn sculpin,2004-2006,59.9,47.3,460
Witch flounder,2004-2006,42.4,39.2,760
Smooth skate,2004-2006,72.2,44.8,684
Redfish unidentified,2004-2006,75.8,43.4,256
Greenland halibut,2004-2006,62.2,31.6,327
Marlin-spike grenadier,2004-2006,56.2,41.4,166
Arctic alligatorfish,2004-2006,64.8,59.2,239
Arctic hookear sculpin,2004-2006,51.2,39.7,128
Greenland halibut,2018-2019,54.7,31.4,172
Atlantic herring,2018-2019,43,31.7,307
Capelin,2018-2019,63.6,43.8,220
Dusky snailfish,2018-2019,77.4,35.2,336
Laval's eelpout,2018-2019,79.3,52.1,222
Daubed shanny,2018-2019,66.5,22.5,194
Stout eelblenny,2018-2019,63.8,14.7,122
American plaice,2018-2019,66.8,37.3,953
Fourbeard rockling,2018-2019,60.6,24.8,138
Atlantic poacher,2018-2019,75.7,37,190
Atlantic mackerel,2018-2019,38.5,23.8,138
Atlantic cod,2018-2019,70.4,43.8,1418
Redfish unidentified,2018-2019,60.5,30.3,121
Arctic alligatorfish,2018-2019,86.2,6.9,30
Fourline snakeblenny,2018-2019,60.4,35.1,145
Alligatorfish,2018-2019,80,26.7,299
Thorny skate,2018-2019,64.5,31.3,520
Witch flounder,2018-2019,54,25.3,369
White hake,2018-2019,65.5,43.7,454
Marlin-spike grenadier,2018-2019,48.6,21.5,153
Smooth skate,2018-2019,77,46.1,170
Vahl's eelpout,2018-2019,52.6,31.6,19
Sea raven,2018-2019,35.7,31,42
Moustache sculpin,2018-2019,73.5,40.4,242
Rainbow smelt,2018-2019,81.9,44.6,180
Arctic staghorn sculpin,2018-2019,70.7,38.8,122
Arctic hookear sculpin,2018-2019,71.9,29.8,63
Atlantic hookear sculpin,2018-2019,67.1,23.7,83
Longhorn sculpin,2018-2019,73.2,50.2,223
Snakeblenny,2018-2019,56.1,14,60
Shorthorn sculpin,2018-2019,82.6,60.6,139
Atlantic spiny lumpsucker,2018-2019,84,61.3,87
Northern sand lance,2018-2019,41.8,20.4,100
Spatulate sculpin,2018-2019,82,36.1,138
Yellowtail flounder,2018-2019,69.3,33.2,633
Winter flounder,2018-2019,50.1,32.8,426
Alewife,2018-2019,67.5,41.9,240
Windowpane flounder,2018-2019,90.7,63,55
Three-spined stickleback,2018-2019,32.6,9.3,43
Greenland cod,2018-2019,66.7,36.1,37
