Predator,Scientific name,Length range 2004-2006 (cm),Length range 2018-2019 (cm),Stomachs 2004-2006,Stomachs 2018-2019,Lmat (cm),Lmax (cm),Source
Atlantic cod,Gadus morhua,5-98,4-83,2097,447,37,101,DFO CSAS
American plaice,Hippoglossoides platessoides,5-50,3-49,959,446,30,54,DFO CSAS
Yellowtail flounder,Myzopsetta ferruginea,13.6-34,12-31,532,197,25,36,DFO CSAS
Thorny skate,Amblyraja radiata,8.7-56,10-56,579,137,53,56,Templemen 1987
Capelin,Mallotus villosus,8-18,2-18,432,178,14.6,18,Fishbase
Daubed shanny,Leptoclinus maculatus,7-15,6-15,460,125,13,18,Fishbase
Moustache sculpin,Triglops murrayi,3-16,4-17,422,105,NA,17,
Longhorn sculpin,Myoxocephalus octodecemspinosus,8-37,4-37,418,98,23.5,37,DFO CSAS
Winter flounder,Pseudopleuronectes americanus,9.2-45,8-47,349,163,25,47,DFO CSAS
White hake,Urophycis tenuis,5-75,7-68,300,179,36,75,DFO CSAS
Atlantic herring,Clupea harengus,3.3-36,9.5-36,291,179,26,36,DFO CSAS/Beaudry-Sylvestre et al. 2022
Alligatorfish,Aspidophoroides monopterygius,5-19,4-19,255,178,10.4,19,Fishbase
Atlantic hookear sculpin,Artediellus atlanticus,3.5-9,3-8,342,48,NA,9,
Atlantic poacher,Leptagonus decagonus,6.7-24,2-24,309,76,NA,24,
Witch flounder,Glyptocephalus cynoglossus,15-46,20-51,251,121,30,52,DFO CSAS
Dusky snailfish,Liparis gibbus,3-31.6,2-32,191,173,NA,32,
Spatulate sculpin,Icelus spatula,3.9-14,3-14,272,88,NA,14,
Laval's eelpout,Lycodes lavalaei,8-67,7-57,286,58,NA,68,
Greenland halibut,Reinhardtius hippoglossoides,6.1-62,8-62,205,117,40,73,DFO CSAS
Arctic staghorn sculpin,Gymnocanthus tricuspis,3.4-24,5-25,246,67,6.5,27,Fishbase
Stout eelblenny,Anisarchus medius,6.4-17,7-17,237,59,NA,31,
Alewife,Alosa pseudoharengus,10-29,8-29,157,128,22,29,DFO CSAS
Fourline snakeblenny,Eumesogrammus praecisus,6-24,8-24,200,82,NA,24,
Rainbow smelt,Osmerus mordax,6.8-24,4-23,152,100,11,25,DFO CSAS
Shorthorn sculpin,Myoxocephalus scorpius,6-43,3-43,167,52,16.25,44,Fishbase
Redfish unidentified,Sebastes,6.1-47,3.1-44,129,88,19,48,Lehoux et al. 2024
Atlantic spiny lumpsucker,Eumicrotremus spinosus,2.7-10,2-10,160,46,NA,10,
Smooth skate,Malacoraja senta,9-55,13-51,165,32,54,68,NOAA/Gulf of maine
Snakeblenny,Lumpenus lampretaeformis,6.9-43,12-35,165,26,20,43,Fishbase
Arctic alligatorfish,Aspidophoroides olrikii,4.5-9,5-8,157,22,NA,9,
Fourbeard rockling,Enchelyopus cimbrius,6.6-28,8-26,102,51,25,30,Fishbase
Marlin-spike grenadier,Nezumia bairdii,5.5-32.9,7.8-31,74,69,NA,33,
Three-spined stickleback,Gasterosteus aculeatus,2.5-8,3-8,99,37,5,8,Fishbase
Atlantic mackerel,Scomber scombrus,14.5-31,9-33.5,52,77,26.5,340,DFO CSAS
Greenland cod,Gadus macrocephalus,9-50,23-53,103,12,46,58,Fishbase
Arctic hookear sculpin,Artediellus uncinatus,4.1-7.8,3.2-8,68,39,NA,12,
Sea raven,Hemitripterus americanus,5-51,5-41,77,23,NA,51,
Vahl's eelpout,Lycodes vahlii,6.4-44,16-44,87,11,NA,46,
Northern sand lance,Ammodytes dubius,9-24,7-23,18,76,NA,24,
Windowpane flounder,Scophthalmus aquosus,12.7-24.7,11-64,47,32,22,64,Fishbase
