"volet","mode","x_threshold","beta_OS","beta_ST","bal_share"
"Predators","pfi",10,0.683773095591459,0.0635156219871715,0.967197191268206
"Predators","pfi",60,0.661533023451921,0.0222417745506391,0.951123556010425
"Predators","pfi",110,0.696553290029988,0.0491834667883813,0.961014509443194
"Predators","pfi",160,0.635153809352778,0.0777210105815902,0.924626060109585
"Predators","pfi",210,0.668290874036029,0.0580137634743005,0.920973419845104
"Predators","pfi",260,0.684954666777048,0.0609653398673981,0.926778017822653
"Predators","pfi",310,0.686607685720082,0.0558369038440287,0.966647338215262
"Predators","pfi",360,0.568559233751148,0.0541692288639024,0.936590573526919
"Predators","pfi",410,0.620140128850471,0.0779773053620011,0.937751717045903
"Predators","pfi",460,0.650200248532929,0.0343765572551638,0.949407043699175
"Predators","pfi",510,0.55190618399065,0.0331560795940459,0.919140195902437
"Predators","pfi",560,0.612577120505739,0.0642368819750845,0.970689318310469
"Predators","pfi",610,0.69990309755085,0.0621226201299578,0.940345039088279
"Predators","pfi",660,0.564512499130797,0.0234446131810546,0.969234424363822
"Predators","pfi",710,0.59406344005838,0.0543470289651305,0.937228512186557
"Predators","pfi",760,0.689374124759342,0.0210543134436011,0.935661488436162
"Predators","pfi",810,0.693213546799961,0.0390284854220226,0.918788270913064
"Predators","pfi",860,0.562239754362963,0.0759698862256482,0.907757915724069
"Predators","pfi",910,0.568434599216562,0.0213941133534536,0.938506307024509
"Predators","pfi",960,0.564860472304281,0.0384142876090482,0.938414673954248
"Predators","biomass_wt",10,0.639110737573355,0.0753695272002369,0.918584532029927
"Predators","biomass_wt",60,0.629742452839855,0.0487907771673054,0.968968482147902
"Predators","biomass_wt",110,0.649823993036989,0.0717328737210482,0.972428326942027
"Predators","biomass_wt",160,0.574062905367464,0.0287470572208986,0.924022500943393
"Predators","biomass_wt",210,0.561862776696216,0.048740528607741,0.906284896079451
"Predators","biomass_wt",260,0.580674064194318,0.039460911815986,0.968128351848572
"Predators","biomass_wt",310,0.698030773340724,0.0225159916700795,0.953391440007836
"Predators","biomass_wt",360,0.622804946778342,0.0597739621624351,0.969916178844869
"Predators","biomass_wt",410,0.621190353797283,0.0673843263322488,0.956818085722625
"Predators","biomass_wt",460,0.696759341692086,0.0315653883991763,0.9777342832461
"Predators","biomass_wt",510,0.562237217719667,0.0585367101198062,0.952070513665676
"Predators","biomass_wt",560,0.633630976174027,0.0291191863687709,0.926595165301114
"Predators","biomass_wt",610,0.579729861416854,0.0509264827426523,0.924977275561541
"Predators","biomass_wt",660,0.648523984197527,0.0478506748657674,0.901400989070535
"Predators","biomass_wt",710,0.650507959898096,0.0695080168405548,0.90942327817902
"Predators","biomass_wt",760,0.646261132485233,0.0478169425390661,0.960434746406972
"Predators","biomass_wt",810,0.696254057169426,0.0292234560847282,0.974790721107274
"Predators","biomass_wt",860,0.684666459262371,0.0568448657123372,0.913063143491745
"Predators","biomass_wt",910,0.582116067886818,0.0271221118839458,0.909338631164283
"Predators","biomass_wt",960,0.633364735951181,0.0477871700609103,0.922356305141002
"Predators","occurrence",10,0.590560441906564,0.0298559796297923,0.93647193050012
"Predators","occurrence",60,0.550751830101945,0.064859687066637,0.973468013685197
"Predators","occurrence",110,0.584706023265608,0.0392100641829893,0.951386942137033
"Predators","occurrence",160,0.628046342253219,0.0410441736411303,0.96182024916634
"Predators","occurrence",210,0.634817818633746,0.0771886164136231,0.943522475566715
"Predators","occurrence",260,0.607361386506818,0.0396067784447223,0.964666049685329
"Predators","occurrence",310,0.6984995912062,0.0775432342709973,0.923566601183266
"Predators","occurrence",360,0.694161149661522,0.0288812769018114,0.953931561931968
"Predators","occurrence",410,0.64294169441564,0.0716229748586193,0.969172714632004
"Predators","occurrence",460,0.669921620725654,0.0745275974087417,0.914482076093554
"Predators","occurrence",510,0.643828751333058,0.0340031667985022,0.908126077409834
"Predators","occurrence",560,0.673621279140934,0.068574525709264,0.948023080695421
"Predators","occurrence",610,0.57378354833927,0.0544982832157984,0.968188223373145
"Predators","occurrence",660,0.663261197716929,0.0483788059838116,0.91640819452703
"Predators","occurrence",710,0.687527210917324,0.0404974001087248,0.907072100099176
"Predators","occurrence",760,0.632794973044656,0.029893818446435,0.94244952050969
"Predators","occurrence",810,0.670791456568986,0.0699470792571083,0.959069274291396
"Predators","occurrence",860,0.616642152820714,0.0657607005024329,0.94460966873914
"Predators","occurrence",910,0.563484155840706,0.0342965373070911,0.920279989279807
"Predators","occurrence",960,0.670871154568158,0.0275314650777727,0.922685621101409
