contrast,contrast_type,mode,family,n_cells,mean_dH,dH_lo,dH_hi,mean_absdH,absdH_lo,absdH_hi,mean_dBs,dBs_lo,dBs_hi,mean_absdBs,absdBs_lo,absdBs_hi,equiv_H_at_margin,equiv_Bs_at_margin
P1a,within,biomass,Functional change,31,-0.3924467471773333,-0.7833380056823706,0.037133564436829296,1.1051260287355043,0.9279886914716845,1.2820487982258364,-0.012510074741496544,-0.04273149337237097,0.01765477565612649,0.066703704540687,0.048627045462957603,0.08839643436141932,FALSE,TRUE
P1a,within,biomass,Reorganisation,14,-0.09538264274121093,-0.7206420789496566,0.4972685416666665,1.06171526178883,0.8308684111943164,1.299405713173492,0.012969660609222385,-0.023239778624322523,0.05482305683563748,0.05442557748601571,0.02828538409703504,0.08603936396835057,FALSE,FALSE
P1a,within,biomass,Stability,121,0.038387033198510286,-0.05784606428739015,0.14174407695364477,0.4478922375687159,0.3845161521138439,0.5157991675338763,0.00700753303307745,-9.066563352054757e-4,0.014916145720177744,0.0351601125198951,0.0303470015406808,0.04051037307606157,TRUE,TRUE
P1a,within,biomass,Substitution,19,-0.028965509704267364,-0.2896719242401259,0.23246729413370737,0.5139604219849692,0.3901237467762076,0.6543074850117865,-0.0036618238786977706,-0.020639405099526973,0.013905732114020958,0.02969896585788144,0.01916407435233917,0.04103355040123896,FALSE,TRUE
P1a,within,occurrence,Functional change,29,0.26535739748193954,-0.017977948123479144,0.548408664297847,0.733104048927015,0.5999348794588741,0.8813473948701102,0.045362286707488764,-0.022309525326143463,0.10653246544216471,0.14381932951735318,0.10525227528988061,0.1875760394045549,FALSE,FALSE
P1a,within,occurrence,Reorganisation,14,0.3542242941840768,0.030684026397515534,0.6473007002399774,0.6595385798983625,0.5190276753246753,0.7844633656126482,0.0250932269904009,-0.038508493506493505,0.09408478952569167,0.10874907114624506,0.06883490584415584,0.15285385064935064,FALSE,FALSE
P1a,within,occurrence,Stability,121,0.03462888794225836,-0.0251554183710997,0.10060173946067251,0.29551542359691757,0.26096385887312423,0.32940893238520175,0.013895018046751502,-0.0037544736022269614,0.03194923975619308,0.07684580759159433,0.06501183356372889,0.08953222209656897,TRUE,TRUE
P1a,within,occurrence,Substitution,24,0.02929106232101219,-0.08474503465205913,0.14647009495539712,0.2519404354867849,0.1853171356738133,0.3252812229146039,0.009362884003950874,-0.019406390061836636,0.039063912240189576,0.06270770285468166,0.045883060610400456,0.07995392594133441,TRUE,TRUE
P1b,within,biomass,Functional change,34,-0.3650160461590685,-0.7155640660027576,0.014224868832146272,1.0541537686477782,0.8930327754115854,1.210800535343801,-0.012193035116812662,-0.03855531316026555,0.01478373543955197,0.059500363712683524,0.042102111893673494,0.0780816492217512,FALSE,TRUE
P1b,within,biomass,Reorganisation,14,-0.20041350090769444,-0.7861693972559699,0.38502390594888947,1.0670258385700322,0.837733538908672,1.295814609656472,0.004443053344504958,-0.03027143492528976,0.04920461127984915,0.04879395964250803,0.023431044930875576,0.08173233708630077,FALSE,TRUE
P1b,within,biomass,Stability,135,-0.02338621299293006,-0.12036318703853972,0.07201785281730055,0.44795777197446596,0.38781600980017705,0.5127653887674117,-2.1503529734004902e-4,-0.006852704278588314,0.006951900270241992,0.03138338297214319,0.027382494615328403,0.03581640874930467,TRUE,TRUE
P1b,within,biomass,Substitution,22,-0.07342234500842112,-0.310463604259838,0.1747797787413181,0.480389321920398,0.3370952247430054,0.637341409422228,-0.009915693622813387,-0.02787634782469247,0.007111721242391696,0.03291201321089625,0.02186062400663468,0.04542098791088947,FALSE,TRUE
P1b,within,occurrence,Functional change,29,0.1604702631317157,-0.08784514852995311,0.4169740464220879,0.6452344492179918,0.5253149864031249,0.781265622290396,0.018098119484230086,-0.042504235063733874,0.07430242203931936,0.1295715684322707,0.0939395202652756,0.16622273817925584,FALSE,FALSE
P1b,within,occurrence,Reorganisation,11,-0.06099805728518057,-0.5200151889788294,0.40981968493150656,0.7405798754669988,0.5712041326276464,0.9410564999999999,-0.030285944375259447,-0.11522371969696969,0.06598919956413446,0.12633685346616855,0.07421797758405978,0.18220845662100452,FALSE,FALSE
P1b,within,occurrence,Stability,136,0.0032125494103474607,-0.05364350841862112,0.060650182557669755,0.28212645533813213,0.2506982997969758,0.3157463729237269,-2.3948262280188543e-4,-0.014949059700635542,0.015516578009557011,0.07118116756223718,0.061765722843675326,0.0816549115071174,TRUE,TRUE
P1b,within,occurrence,Substitution,28,-0.027699637704120122,-0.13995864838840263,0.09713612457158562,0.25668731471719797,0.1948504953634135,0.320540653724285,-0.005932918268852939,-0.029248099906302387,0.018050231586110153,0.05315391395052182,0.03972726859850862,0.06734287752840551,TRUE,TRUE
P2,within,biomass,Functional change,15,0.33618712634334824,-0.3767683512609396,1.0295166809557432,1.3808911024521295,1.1396669819814225,1.6350502101895388,-0.0027998618355256,-0.044483453444345504,0.041271342987814714,0.07379542022398841,0.05390861039595059,0.09461771256526941,FALSE,TRUE
P2,within,biomass,Reorganisation,3,0.5856597883597884,-0.7332428571428571,1.6732222222222222,1.0744883597883597,0.7332428571428571,1.6732222222222222,0.0015870370370370385,-0.11209999999999999,0.089,0.07632037037037037,0.02786111111111111,0.11209999999999999,FALSE,FALSE
P2,within,biomass,Stability,41,0.007800954447043112,-0.21335898276849175,0.23974823311938598,0.6433391978973815,0.5156716436793018,0.7741242452662918,-0.010458930382434803,-0.026221693070302324,0.006952015367076175,0.045684458112646195,0.03610141684578704,0.0557860393046762,FALSE,TRUE
P2,within,biomass,Substitution,7,0.23949297446251228,-0.15944394576012222,0.6139741896758704,0.528496221215759,0.33676733534322817,0.6997669294990724,-0.025236622246301122,-0.06811215958786113,0.012746666133986048,0.05248306368001746,0.028084318727491,0.07931364591291062,FALSE,FALSE
P2,within,occurrence,Functional change,9,0.07690509182769859,-0.34674622323709614,0.49848642255665343,0.6131934756076612,0.45685192468527186,0.7522457582302392,-0.03165030473498696,-0.12725665109986098,0.06201717064805618,0.1194547624200802,0.06425366047718878,0.18260977775100123,FALSE,FALSE
P2,within,occurrence,Reorganisation,4,-0.3476625,-0.89685,0.5206999999999999,0.8365625,0.6668375,0.96045,-0.16138428571428573,-0.3277685714285714,0.009054999999999994,0.22113428571428573,0.11449999999999999,0.3277685714285714,FALSE,FALSE
P2,within,occurrence,Stability,44,-0.12841398662912595,-0.2620624176575159,0.0030557310292514232,0.3924518652145906,0.31476099388009565,0.4779194771987764,-0.021138997302202134,-0.05355792824849538,0.012434856726798286,0.09535585934711609,0.07771566793676406,0.11335133234797283,FALSE,FALSE
P2,within,occurrence,Substitution,9,-0.12859814562981728,-0.6604352712859689,0.4228801311322415,0.7347720702726187,0.48213086254418774,0.9840509115620154,-0.05459442314568739,-0.11732525007695213,0.013441539108420353,0.09664714840245676,0.05810226453812684,0.13240798570076032,FALSE,FALSE
PTb,between,biomass,Functional change,16,0.16618026862051544,-0.3476728157957938,0.6563295223506388,1.0150360151818738,0.8290876043986267,1.194222428153086,-0.021126527647726743,-0.05364113147731178,0.010985014618134756,0.061682388285457024,0.04587862558913123,0.080652819386795,FALSE,FALSE
PTb,between,biomass,Reorganisation,18,-0.4563449762788101,-1.0016188887075872,0.08066073931948844,1.0881642263938045,0.8094565340026709,1.3751927428940118,-0.01808542673777115,-0.04124522248884565,0.004423775380906378,0.03990769956076322,0.024028248519339147,0.05694509206184824,FALSE,TRUE
PTb,between,biomass,Stability,43,0.09170459812973729,-0.09567328995852223,0.2658674948399701,0.5127458272457938,0.41495604888755644,0.6115324493102551,0.0024319409519311824,-0.012002308149833541,0.015859115129006812,0.03613413524725234,0.027500876197482864,0.0450451969831284,FALSE,TRUE
PTb,between,biomass,Substitution,29,-0.04346157506208875,-0.26529035880340024,0.17814660306608626,0.5265254782421452,0.40796020629020896,0.6528179769128297,0.0020532360230489945,-0.010112905880116683,0.015013394071913558,0.028194380421170527,0.020833417354441934,0.03631411311360061,FALSE,TRUE
PTb,between,occurrence,Functional change,4,0.514436673414305,-0.1508611336032389,1.1259961538461538,0.7940594804318488,0.4135614035087719,1.1259961538461538,0.05406484480431849,-0.0440298245614035,0.12880512820512818,0.1022402834008097,0.06533771929824561,0.1325954116059379,FALSE,FALSE
PTb,between,occurrence,Reorganisation,15,-0.11647023012937559,-0.3960012437309799,0.19788501302495423,0.561310077562932,0.42982001237573547,0.699228871293912,-0.034053684337368,-0.08834478537064872,0.02893102993332844,0.11306041887005779,0.08612247303081011,0.13822311001852977,FALSE,FALSE
PTb,between,occurrence,Stability,36,0.0675980020913176,-0.08280734136886343,0.20965855902956113,0.40094392951027863,0.3293702865254336,0.4736004236706832,-0.009381313675204781,-0.046535143425821504,0.028031716290134654,0.09574861307032938,0.07551812694929143,0.11741112968377226,FALSE,TRUE
PTb,between,occurrence,Substitution,47,0.04942901341207274,-0.06336499569346753,0.15244301824852072,0.34344168362755034,0.2924251248929016,0.39670351867203535,0.0030608833551762638,-0.02193861399595717,0.025764887693165713,0.06810022219810472,0.054919646433924475,0.08247995193721624,TRUE,TRUE
PTa,between,biomass,Functional change,25,-0.02274491197097181,-0.43923841222534393,0.3803430240226014,0.94611638693784506,0.7378917502331346,1.1535437800437696,-0.023635167279442936,-0.04707403426171192,-5.158572196446472e-5,0.0568673865917795,0.044820647978644886,0.06955545785480646,FALSE,TRUE
PTa,between,biomass,Reorganisation,54,0.16088512313291942,-0.08589628730348403,0.41444306284777505,0.8734638330894017,0.7571448063026995,0.9883630763224873,-0.009945769440991141,-0.02118186957857226,5.5777470388958e-4,0.03354889764566443,0.02728806223003176,0.04057965323399152,FALSE,TRUE
PTa,between,biomass,Stability,94,0.05311385790589159,-0.07476355487593292,0.17904939859515423,0.516105469094736,0.444525174932262,0.5954181613150606,-0.0058162891134605306,-0.012946075300449692,0.0011244483191954926,0.025296971135274928,0.02022539499370238,0.03063690651367188,TRUE,TRUE
PTa,between,biomass,Substitution,115,0.018226610675870652,-0.07772290380934732,0.11140498274836089,0.4338232597223582,0.37963523054605647,0.4958147601548461,-0.00597310023397826,-0.011428413973564016,-3.4696466975675386e-4,0.02502894043063917,0.02167825229908913,0.02877784582132475,TRUE,TRUE
PTa,between,occurrence,Functional change,21,0.043623414332868524,-0.2938989613632668,0.35030599029634674,0.6310672083777542,0.46919394043115353,0.7994733545846467,-0.07393466659218983,-0.11799086716179369,-0.029102604006344845,0.10060357990110314,0.06938634024214796,0.1344023295685429,FALSE,FALSE
PTa,between,occurrence,Reorganisation,60,0.16696002526763837,-0.009622264224887819,0.33961598790237035,0.6255545957393868,0.5476859818036923,0.7099875550336741,-0.025079932345563726,-0.04824821851191654,-0.003563531310902651,0.07826146179826371,0.06637524920433509,0.08985934443452051,FALSE,TRUE
PTa,between,occurrence,Stability,69,-0.015770422049346217,-0.1159601198406354,0.08179623515966218,0.3500384158395415,0.2903367866620233,0.41005218236384156,-0.027216581189923036,-0.04438956661923803,-0.00995959352068673,0.06645544205466263,0.0563852712235748,0.07675977202519581,TRUE,TRUE
PTa,between,occurrence,Substitution,146,0.06156351065912133,0.0011785415487695417,0.12203997674839244,0.3041938793022398,0.26729933442585235,0.3447637030468618,-0.01483873999901269,-0.023951715044961908,-0.005454287625136093,0.050133884931436015,0.04492899269557706,0.05552371166025224,TRUE,TRUE
