"scenario","contrast_type","mode","spatial_unit","n_rows","n_testable","n_classifiable"
"P1a","within","biomass","Central",1800,1700,1700
"P1a","within","biomass","Chaleur Bay",1200,1200,1200
"P1a","within","biomass","Magdalen Shallows",4900,4800,4800
"P1a","within","biomass","Northumberland",1600,1400,1400
"P1a","within","occurrence","Central",1800,1700,1700
"P1a","within","occurrence","Chaleur Bay",1200,1200,1200
"P1a","within","occurrence","Magdalen Shallows",4900,4800,4800
"P1a","within","occurrence","Northumberland",1600,1400,1400
"P1b","within","biomass","Central",1900,1800,1800
"P1b","within","biomass","Chaleur Bay",1200,1200,1200
"P1b","within","biomass","Magdalen Shallows",5200,5100,5100
"P1b","within","biomass","Northumberland",1600,1400,1400
"P1b","within","occurrence","Central",1900,1800,1800
"P1b","within","occurrence","Chaleur Bay",1200,1200,1200
"P1b","within","occurrence","Magdalen Shallows",5200,5100,5100
"P1b","within","occurrence","Northumberland",1600,1400,1400
"P2","within","biomass","Central",800,800,800
"P2","within","biomass","Chaleur Bay",300,200,200
"P2","within","biomass","Magdalen Shallows",4100,4000,4000
"P2","within","biomass","Northumberland",1400,1200,1200
"P2","within","occurrence","Central",800,800,800
"P2","within","occurrence","Chaleur Bay",300,200,200
"P2","within","occurrence","Magdalen Shallows",4100,4000,4000
"P2","within","occurrence","Northumberland",1400,1200,1200
"PTa","between","biomass","Central",1700,1700,1700
"PTa","between","biomass","Chaleur Bay",1200,1100,1100
"PTa","between","biomass","Magdalen Shallows",5400,5300,5300
"PTa","between","biomass","Northumberland",1900,1900,1900
"PTa","between","occurrence","Central",1700,1700,1700
"PTa","between","occurrence","Chaleur Bay",1200,1100,1100
"PTa","between","occurrence","Magdalen Shallows",5400,5300,5300
"PTa","between","occurrence","Northumberland",1900,1900,1900
"PTb","between","biomass","Central",1500,1400,1400
"PTb","between","biomass","Chaleur Bay",800,700,700
"PTb","between","biomass","Magdalen Shallows",4500,4400,4400
"PTb","between","biomass","Northumberland",1200,1100,1100
"PTb","between","occurrence","Central",1500,1400,1400
"PTb","between","occurrence","Chaleur Bay",800,700,700
"PTb","between","occurrence","Magdalen Shallows",4500,4400,4400
"PTb","between","occurrence","Northumberland",1200,1100,1100
