"scope","spatial_unit","mode","comparison","eligible","missing_scenarios","c_id","family","contrast","effect_id","level","observed_pp","B_requested","B_valid","valid_fraction","bootstrap_sd","ci_high","ci_low","status","conclusion"
"level_average","ALL","biomass","MEAN",TRUE,"",1,"Stability","within_minus_between",1,"ecoregion",38.7065731886175,2000,1752,0.876,5.79472615342488,,,"invalid_bootstrap_replicates","not_evaluable"
"level_average","ALL","biomass","PTa_vs_P1a",TRUE,"",2,"Stability","within_minus_between",2,"ecoregion",41.2661363611073,2000,2000,1,6.74042493839182,53.7306961034659,27.2758990863891,"ok","expected_direction"
"level_average","ALL","biomass","PTa_vs_P1b",TRUE,"",3,"Stability","within_minus_between",3,"ecoregion",44.8253100305753,2000,2000,1,6.54343256446534,57.4670279891678,32.1869674308847,"ok","expected_direction"
"level_average","ALL","biomass","PTa_vs_P2",TRUE,"",4,"Stability","within_minus_between",4,"ecoregion",44.8953205347771,2000,1752,0.876,6.30271725266193,,,"invalid_bootstrap_replicates","not_evaluable"
"level_average","ALL","biomass","PTb_vs_P1a",TRUE,"",5,"Stability","within_minus_between",5,"ecoregion",31.3547714540359,2000,1999,0.9995,8.32713395974403,,,"invalid_bootstrap_replicates","not_evaluable"
"level_average","ALL","biomass","PTb_vs_P1b",TRUE,"",6,"Stability","within_minus_between",6,"ecoregion",34.913945123504,2000,1999,0.9995,8.75041306044076,,,"invalid_bootstrap_replicates","not_evaluable"
"level_average","ALL","biomass","PTb_vs_P2",TRUE,"",7,"Stability","within_minus_between",7,"ecoregion",34.9839556277057,2000,1752,0.876,8.51221117978969,,,"invalid_bootstrap_replicates","not_evaluable"
"level_average","ALL","occurrence","MEAN",TRUE,"",8,"Stability","within_minus_between",8,"ecoregion",50.1995784424253,2000,1752,0.876,5.55363910138878,,,"invalid_bootstrap_replicates","not_evaluable"
"level_average","ALL","occurrence","PTa_vs_P1a",TRUE,"",9,"Stability","within_minus_between",9,"ecoregion",53.7417676033804,2000,2000,1,6.65316095571131,66.9402180531716,41.0560003167626,"ok","expected_direction"
"level_average","ALL","occurrence","PTa_vs_P1b",TRUE,"",10,"Stability","within_minus_between",10,"ecoregion",52.8173540879745,2000,2000,1,6.7212104109431,65.9590912317482,39.8598382311397,"ok","expected_direction"
"level_average","ALL","occurrence","PTa_vs_P2",TRUE,"",11,"Stability","within_minus_between",11,"ecoregion",61.0116818190669,2000,1752,0.876,5.91926384286904,,,"invalid_bootstrap_replicates","not_evaluable"
"level_average","ALL","occurrence","PTb_vs_P1a",TRUE,"",12,"Stability","within_minus_between",12,"ecoregion",42.4270554812831,2000,1999,0.9995,8.4354448604702,,,"invalid_bootstrap_replicates","not_evaluable"
"level_average","ALL","occurrence","PTb_vs_P1b",TRUE,"",13,"Stability","within_minus_between",13,"ecoregion",41.5026419658772,2000,1999,0.9995,8.36931773544285,,,"invalid_bootstrap_replicates","not_evaluable"
"level_average","ALL","occurrence","PTb_vs_P2",TRUE,"",14,"Stability","within_minus_between",14,"ecoregion",49.6969696969696,2000,1752,0.876,6.49894632762854,,,"invalid_bootstrap_replicates","not_evaluable"
"spatial_unit","Central","biomass","MEAN",TRUE,"",15,"Stability","within_minus_between",15,"ecoregion",57.2889822595705,2000,2000,1,10.3270451184323,77.1188878056282,36.872832489721,"ok","expected_direction"
"spatial_unit","Central","biomass","PTa_vs_P1a",TRUE,"",16,"Stability","within_minus_between",16,"ecoregion",62.3529411764707,2000,2000,1,10.6374129205411,81.9057730263156,41.2456975772766,"ok","expected_direction"
"spatial_unit","Central","biomass","PTa_vs_P1b",TRUE,"",17,"Stability","within_minus_between",17,"ecoregion",68.4803921568628,2000,2000,1,10.6537575216476,88.7520016339869,47.1970859133127,"ok","expected_direction"
"spatial_unit","Central","biomass","PTa_vs_P2",TRUE,"",18,"Stability","within_minus_between",18,"ecoregion",53.1470588235294,2000,2000,1,17.5983950077547,85.2873949579832,15.1308333333334,"ok","expected_direction"
"spatial_unit","Central","biomass","PTb_vs_P1a",TRUE,"",19,"Stability","within_minus_between",19,"ecoregion",54.2773109243698,2000,2000,1,11.5283556230723,75.9492063492064,31.7066544117647,"ok","expected_direction"
"spatial_unit","Central","biomass","PTb_vs_P1b",TRUE,"",20,"Stability","within_minus_between",20,"ecoregion",60.4047619047619,2000,2000,1,12.279820422472,82.8587019018132,35.9456944444445,"ok","expected_direction"
"spatial_unit","Central","biomass","PTb_vs_P2",TRUE,"",21,"Stability","within_minus_between",21,"ecoregion",45.0714285714286,2000,2000,1,19.1618576582991,79.61875,4.55922619047617,"ok","expected_direction"
"spatial_unit","Central","occurrence","MEAN",TRUE,"",22,"Stability","within_minus_between",22,"ecoregion",60.8960084033613,2000,2000,1,9.36944895909576,78.7205395299145,41.9759307275541,"ok","expected_direction"
"spatial_unit","Central","occurrence","PTa_vs_P1a",TRUE,"",23,"Stability","within_minus_between",23,"ecoregion",67.1176470588234,2000,2000,1,10.7628357293914,87.2618146929822,44.719056372549,"ok","expected_direction"
"spatial_unit","Central","occurrence","PTa_vs_P1b",TRUE,"",24,"Stability","within_minus_between",24,"ecoregion",63.6764705882353,2000,2000,1,10.8996572449095,84.0774305555556,42.2740699174407,"ok","expected_direction"
"spatial_unit","Central","occurrence","PTa_vs_P2",TRUE,"",25,"Stability","within_minus_between",25,"ecoregion",64.8014705882353,2000,2000,1,13.0281079569038,87.3381578947368,36.4691176470588,"ok","expected_direction"
"spatial_unit","Central","occurrence","PTb_vs_P1a",TRUE,"",26,"Stability","within_minus_between",26,"ecoregion",58.5126050420166,2000,2000,1,12.1680946856067,81.3750694444444,34.6463647463647,"ok","expected_direction"
"spatial_unit","Central","occurrence","PTb_vs_P1b",TRUE,"",27,"Stability","within_minus_between",27,"ecoregion",55.0714285714286,2000,2000,1,12.0666158639885,78.9025000000002,31.8125565610859,"ok","expected_direction"
"spatial_unit","Central","occurrence","PTb_vs_P2",TRUE,"",28,"Stability","within_minus_between",28,"ecoregion",56.1964285714286,2000,2000,1,13.7980574783884,82.1816558441558,27.6589285714286,"ok","expected_direction"
"spatial_unit","Chaleur Bay","biomass","MEAN",TRUE,"",29,"Stability","within_minus_between",29,"ecoregion",54.9545454545454,2000,1752,0.876,12.8797150794301,,,"invalid_bootstrap_replicates","not_evaluable"
"spatial_unit","Chaleur Bay","biomass","PTa_vs_P1a",TRUE,"",30,"Stability","within_minus_between",30,"ecoregion",53.3257575757575,2000,2000,1,17.9187068942669,86.2727272727271,16.415166083916,"ok","expected_direction"
"spatial_unit","Chaleur Bay","biomass","PTa_vs_P1b",TRUE,"",31,"Stability","within_minus_between",31,"ecoregion",56.4924242424242,2000,2000,1,16.2417876606658,87.2541666666666,24.6421703296703,"ok","expected_direction"
"spatial_unit","Chaleur Bay","biomass","PTa_vs_P2",TRUE,"",32,"Stability","within_minus_between",32,"ecoregion",90.9090909090909,2000,1752,0.876,8.51037615879993,,,"invalid_bootstrap_replicates","not_evaluable"
"spatial_unit","Chaleur Bay","biomass","PTb_vs_P1a",TRUE,"",33,"Stability","within_minus_between",33,"ecoregion",29.4166666666666,2000,1999,0.9995,21.7416577613446,,,"invalid_bootstrap_replicates","not_evaluable"
"spatial_unit","Chaleur Bay","biomass","PTb_vs_P1b",TRUE,"",34,"Stability","within_minus_between",34,"ecoregion",32.5833333333333,2000,1999,0.9995,22.7391347909772,,,"invalid_bootstrap_replicates","not_evaluable"
"spatial_unit","Chaleur Bay","biomass","PTb_vs_P2",TRUE,"",35,"Stability","within_minus_between",35,"ecoregion",67,2000,1752,0.876,16.9519385136881,,,"invalid_bootstrap_replicates","not_evaluable"
"spatial_unit","Chaleur Bay","occurrence","MEAN",TRUE,"",36,"Stability","within_minus_between",36,"ecoregion",53.6738816738816,2000,1752,0.876,15.5597002558121,,,"invalid_bootstrap_replicates","not_evaluable"
"spatial_unit","Chaleur Bay","occurrence","PTa_vs_P1a",TRUE,"",37,"Stability","within_minus_between",37,"ecoregion",45.0303030303029,2000,2000,1,18.4575190299926,80.559672202797,7.10714285714279,"ok","expected_direction"
"spatial_unit","Chaleur Bay","occurrence","PTa_vs_P1b",TRUE,"",38,"Stability","within_minus_between",38,"ecoregion",45.0303030303029,2000,2000,1,18.4575190299926,80.559672202797,7.10714285714279,"ok","expected_direction"
"spatial_unit","Chaleur Bay","occurrence","PTa_vs_P2",TRUE,"",39,"Stability","within_minus_between",39,"ecoregion",76.8636363636363,2000,1752,0.876,10.8408048101653,,,"invalid_bootstrap_replicates","not_evaluable"
"spatial_unit","Chaleur Bay","occurrence","PTb_vs_P1a",TRUE,"",40,"Stability","within_minus_between",40,"ecoregion",41.095238095238,2000,1999,0.9995,23.5895018299311,,,"invalid_bootstrap_replicates","not_evaluable"
"spatial_unit","Chaleur Bay","occurrence","PTb_vs_P1b",TRUE,"",41,"Stability","within_minus_between",41,"ecoregion",41.095238095238,2000,1999,0.9995,23.5895018299311,,,"invalid_bootstrap_replicates","not_evaluable"
"spatial_unit","Chaleur Bay","occurrence","PTb_vs_P2",TRUE,"",42,"Stability","within_minus_between",42,"ecoregion",72.9285714285714,2000,1752,0.876,14.7250078333396,,,"invalid_bootstrap_replicates","not_evaluable"
"spatial_unit","Magdalen Shallows","biomass","MEAN",TRUE,"",43,"Stability","within_minus_between",43,"ecoregion",34.4029784526732,2000,2000,1,5.7030455685354,45.2206394551322,23.6021315528017,"ok","expected_direction"
"spatial_unit","Magdalen Shallows","biomass","PTa_vs_P1a",TRUE,"",44,"Stability","within_minus_between",44,"ecoregion",34.9685534591195,2000,2000,1,7.59983389324413,49.2964015151514,19.7150531914894,"ok","expected_direction"
"spatial_unit","Magdalen Shallows","biomass","PTa_vs_P1b",TRUE,"",45,"Stability","within_minus_between",45,"ecoregion",38.1254162042176,2000,2000,1,7.46358040094657,52.4530573223483,23.4227254901961,"ok","expected_direction"
"spatial_unit","Magdalen Shallows","biomass","PTa_vs_P2",TRUE,"",46,"Stability","within_minus_between",46,"ecoregion",39.9768867924527,2000,2000,1,7.89926956304363,54.8010395010394,24.4950760993214,"ok","expected_direction"
"spatial_unit","Magdalen Shallows","biomass","PTb_vs_P1a",TRUE,"",47,"Stability","within_minus_between",47,"ecoregion",28.3939393939394,2000,2000,1,7.27903955573595,43.4965784883721,14.5718326489402,"ok","expected_direction"
"spatial_unit","Magdalen Shallows","biomass","PTb_vs_P1b",TRUE,"",48,"Stability","within_minus_between",48,"ecoregion",31.5508021390375,2000,2000,1,7.3203509584981,45.7830241678066,17.8259143638367,"ok","expected_direction"
"spatial_unit","Magdalen Shallows","biomass","PTb_vs_P2",TRUE,"",49,"Stability","within_minus_between",49,"ecoregion",33.4022727272727,2000,2000,1,8.85401397687153,50.169060283688,15.8523755720825,"ok","expected_direction"
"spatial_unit","Magdalen Shallows","occurrence","MEAN",TRUE,"",50,"Stability","within_minus_between",50,"ecoregion",45.8516484209464,2000,2000,1,6.10169201615972,57.8767630751032,33.8449442859025,"ok","expected_direction"
"spatial_unit","Magdalen Shallows","occurrence","PTa_vs_P1a",TRUE,"",51,"Stability","within_minus_between",51,"ecoregion",42.7401729559748,2000,2000,1,7.56647732565952,57.5803289240224,27.9862302828507,"ok","expected_direction"
"spatial_unit","Magdalen Shallows","occurrence","PTa_vs_P1b",TRUE,"",52,"Stability","within_minus_between",52,"ecoregion",42.0551239363671,2000,2000,1,7.73225272830939,57.9316944847605,27.1967908487796,"ok","expected_direction"
"spatial_unit","Magdalen Shallows","occurrence","PTa_vs_P2",TRUE,"",53,"Stability","within_minus_between",53,"ecoregion",61.9693396226416,2000,2000,1,7.33144265628361,75.0654824185249,46.9005615621742,"ok","expected_direction"
"spatial_unit","Magdalen Shallows","occurrence","PTb_vs_P1a",TRUE,"",54,"Stability","within_minus_between",54,"ecoregion",36.6003787878788,2000,2000,1,7.93738213101959,52.3907109929078,21.0123394607843,"ok","expected_direction"
"spatial_unit","Magdalen Shallows","occurrence","PTb_vs_P1b",TRUE,"",55,"Stability","within_minus_between",55,"ecoregion",35.915329768271,2000,2000,1,7.70827297687061,51.6441768219713,21.1901676949849,"ok","expected_direction"
"spatial_unit","Magdalen Shallows","occurrence","PTb_vs_P2",TRUE,"",56,"Stability","within_minus_between",56,"ecoregion",55.8295454545455,2000,2000,1,7.90516489810012,69.7829841959497,39.7151764195508,"ok","expected_direction"
"spatial_unit","Northumberland","biomass","MEAN",TRUE,"",57,"Stability","within_minus_between",57,"ecoregion",8.17978658768145,2000,2000,1,14.5368746960601,37.1218425324675,-19.9502155483404,"ok","interval_includes_zero"
"spatial_unit","Northumberland","biomass","PTa_vs_P1a",TRUE,"",58,"Stability","within_minus_between",58,"ecoregion",14.4172932330828,2000,2000,1,16.0365066813733,45.3552884615384,-17.0198214285715,"ok","interval_includes_zero"
"spatial_unit","Northumberland","biomass","PTa_vs_P1b",TRUE,"",59,"Stability","within_minus_between",59,"ecoregion",16.2030075187971,2000,2000,1,16.2640270560927,47.7627976190477,-16.0956407563025,"ok","interval_includes_zero"
"spatial_unit","Northumberland","biomass","PTa_vs_P2",TRUE,"",60,"Stability","within_minus_between",60,"ecoregion",-4.45175438596488,2000,2000,1,13.7211605536697,20.830766559829,-33.20375,"ok","interval_includes_zero"
"spatial_unit","Northumberland","biomass","PTb_vs_P1a",TRUE,"",61,"Stability","within_minus_between",61,"ecoregion",13.331168831169,2000,2000,1,20.4432791645734,53.5754761904763,-25,"ok","interval_includes_zero"
"spatial_unit","Northumberland","biomass","PTb_vs_P1b",TRUE,"",62,"Stability","within_minus_between",62,"ecoregion",15.1168831168833,2000,2000,1,21.0269814899666,55.7245754245753,-24.512443438914,"ok","interval_includes_zero"
"spatial_unit","Northumberland","biomass","PTb_vs_P2",TRUE,"",63,"Stability","within_minus_between",63,"ecoregion",-5.5378787878787,2000,2000,1,19.6164678871238,32.4746212121211,-43.5746428571429,"ok","interval_includes_zero"
"spatial_unit","Northumberland","occurrence","MEAN",TRUE,"",64,"Stability","within_minus_between",64,"ecoregion",40.3767752715121,2000,2000,1,11.0725006924788,62.3092446524062,19.2458234126983,"ok","expected_direction"
"spatial_unit","Northumberland","occurrence","PTa_vs_P1a",TRUE,"",65,"Stability","within_minus_between",65,"ecoregion",60.078947368421,2000,2000,1,14.6598294964637,86.2208823529412,29.4974089068827,"ok","expected_direction"
"spatial_unit","Northumberland","occurrence","PTa_vs_P1b",TRUE,"",66,"Stability","within_minus_between",66,"ecoregion",60.5075187969925,2000,2000,1,14.6022817348854,86.268496732026,29.8538651315789,"ok","expected_direction"
"spatial_unit","Northumberland","occurrence","PTa_vs_P2",TRUE,"",67,"Stability","within_minus_between",67,"ecoregion",40.4122807017544,2000,2000,1,14.6311937814891,69.0005555555554,12.4166148827953,"ok","expected_direction"
"spatial_unit","Northumberland","occurrence","PTb_vs_P1a",TRUE,"",68,"Stability","within_minus_between",68,"ecoregion",33.5000000000001,2000,2000,1,17.9778756467278,67.9632196969696,-1.98422077922077,"ok","interval_includes_zero"
"spatial_unit","Northumberland","occurrence","PTb_vs_P1b",TRUE,"",69,"Stability","within_minus_between",69,"ecoregion",33.9285714285715,2000,2000,1,17.8037139650288,68.3541459276018,-1.12707792207791,"ok","interval_includes_zero"
"spatial_unit","Northumberland","occurrence","PTb_vs_P2",TRUE,"",70,"Stability","within_minus_between",70,"ecoregion",13.8333333333334,2000,2000,1,13.3573092395867,41.6024999999999,-10.8290692640694,"ok","interval_includes_zero"
"level_average","ALL","biomass","MEAN",TRUE,"",1,"Substitution","between_minus_within",71,"ecoregion",27.0914235753133,2000,1752,0.876,4.56970616137836,,,"invalid_bootstrap_replicates","not_evaluable"
"level_average","ALL","biomass","PTa_vs_P1a",TRUE,"",2,"Substitution","between_minus_within",72,"ecoregion",32.4477063518827,2000,2000,1,5.23071849885625,42.9029842079484,22.3122354391254,"ok","expected_direction"
"level_average","ALL","biomass","PTa_vs_P1b",TRUE,"",3,"Substitution","between_minus_within",73,"ecoregion",33.7608190969808,2000,2000,1,5.6182952781216,44.8986784109476,23.1831852249273,"ok","expected_direction"
"level_average","ALL","biomass","PTa_vs_P2",TRUE,"",4,"Substitution","between_minus_within",74,"ecoregion",32.1013828224709,2000,1752,0.876,5.62681164091933,,,"invalid_bootstrap_replicates","not_evaluable"
"level_average","ALL","biomass","PTb_vs_P1a",TRUE,"",5,"Substitution","between_minus_within",75,"ecoregion",21.0906146549531,2000,1999,0.9995,5.72500571393481,,,"invalid_bootstrap_replicates","not_evaluable"
"level_average","ALL","biomass","PTb_vs_P1b",TRUE,"",6,"Substitution","between_minus_within",76,"ecoregion",22.4037274000511,2000,1999,0.9995,6.49394019586037,,,"invalid_bootstrap_replicates","not_evaluable"
"level_average","ALL","biomass","PTb_vs_P2",TRUE,"",7,"Substitution","between_minus_within",77,"ecoregion",20.7442911255413,2000,1752,0.876,6.89064470905245,,,"invalid_bootstrap_replicates","not_evaluable"
"level_average","ALL","occurrence","MEAN",TRUE,"",8,"Substitution","between_minus_within",78,"ecoregion",39.7661909792404,2000,1752,0.876,4.82552612190899,,,"invalid_bootstrap_replicates","not_evaluable"
"level_average","ALL","occurrence","PTa_vs_P1a",TRUE,"",9,"Substitution","between_minus_within",79,"ecoregion",42.0339476857819,2000,2000,1,6.27259944722126,54.5415806527155,29.717715977607,"ok","expected_direction"
"level_average","ALL","occurrence","PTa_vs_P1b",TRUE,"",10,"Substitution","between_minus_within",80,"ecoregion",40.6100447912907,2000,2000,1,6.1029497339813,52.8082043562708,28.587755332419,"ok","expected_direction"
"level_average","ALL","occurrence","PTa_vs_P2",TRUE,"",11,"Substitution","between_minus_within",81,"ecoregion",44.5470079098716,2000,1752,0.876,6.5857007608008,,,"invalid_bootstrap_replicates","not_evaluable"
"level_average","ALL","occurrence","PTb_vs_P1a",TRUE,"",12,"Substitution","between_minus_within",82,"ecoregion",36.7723293862998,2000,1999,0.9995,6.68992008096239,,,"invalid_bootstrap_replicates","not_evaluable"
"level_average","ALL","occurrence","PTb_vs_P1b",TRUE,"",13,"Substitution","between_minus_within",83,"ecoregion",35.3484264918087,2000,1999,0.9995,6.38913533823953,,,"invalid_bootstrap_replicates","not_evaluable"
"level_average","ALL","occurrence","PTb_vs_P2",TRUE,"",14,"Substitution","between_minus_within",84,"ecoregion",39.2853896103895,2000,1752,0.876,6.21181635766479,,,"invalid_bootstrap_replicates","not_evaluable"
"spatial_unit","Central","biomass","MEAN",TRUE,"",15,"Substitution","between_minus_within",85,"ecoregion",42.8704481792717,2000,2000,1,10.8370496457576,64.2943912812334,21.793398536448,"ok","expected_direction"
"spatial_unit","Central","biomass","PTa_vs_P1a",TRUE,"",16,"Substitution","between_minus_within",86,"ecoregion",48.1764705882353,2000,2000,1,10.2774495818105,68.2360784313724,27.7049019607843,"ok","expected_direction"
"spatial_unit","Central","biomass","PTa_vs_P1b",TRUE,"",17,"Substitution","between_minus_within",87,"ecoregion",50.9411764705883,2000,2000,1,10.0125096220657,70.2229166666667,31.198125,"ok","expected_direction"
"spatial_unit","Central","biomass","PTa_vs_P2",TRUE,"",18,"Substitution","between_minus_within",88,"ecoregion",45.6911764705883,2000,2000,1,12.3912073036889,69.1790032679738,20.6325000000001,"ok","expected_direction"
"spatial_unit","Central","biomass","PTb_vs_P1a",TRUE,"",19,"Substitution","between_minus_within",89,"ecoregion",37.3781512605041,2000,2000,1,11.8939059393362,60.207156862745,14.2857142857143,"ok","expected_direction"
"spatial_unit","Central","biomass","PTb_vs_P1b",TRUE,"",20,"Substitution","between_minus_within",90,"ecoregion",40.1428571428571,2000,2000,1,12.7293921867401,64.296218487395,15.4110859728507,"ok","expected_direction"
"spatial_unit","Central","biomass","PTb_vs_P2",TRUE,"",21,"Substitution","between_minus_within",91,"ecoregion",34.8928571428571,2000,2000,1,14.9141244925823,63.41875,5.40723981900448,"ok","expected_direction"
"spatial_unit","Central","occurrence","MEAN",TRUE,"",22,"Substitution","between_minus_within",92,"ecoregion",35.4347961406785,2000,2000,1,9.63644386071931,55.0138931888545,16.7628927823123,"ok","expected_direction"
"spatial_unit","Central","occurrence","PTa_vs_P1a",TRUE,"",23,"Substitution","between_minus_within",93,"ecoregion",43.7058823529412,2000,2000,1,12.7898463235695,68.625,18.1085036119711,"ok","expected_direction"
"spatial_unit","Central","occurrence","PTa_vs_P1b",TRUE,"",24,"Substitution","between_minus_within",94,"ecoregion",41.7287581699346,2000,2000,1,11.3565972255,64.0588235294117,19.393201754386,"ok","expected_direction"
"spatial_unit","Central","occurrence","PTa_vs_P2",TRUE,"",25,"Substitution","between_minus_within",95,"ecoregion",46.8676470588235,2000,2000,1,11.6780088219847,69.9007142857143,23.9220238095238,"ok","expected_direction"
"spatial_unit","Central","occurrence","PTb_vs_P1a",TRUE,"",26,"Substitution","between_minus_within",96,"ecoregion",26.3739495798319,2000,2000,1,13.0014262519612,51.96875,1.59289215686275,"ok","expected_direction"
"spatial_unit","Central","occurrence","PTb_vs_P1b",TRUE,"",27,"Substitution","between_minus_within",97,"ecoregion",24.3968253968254,2000,2000,1,10.9617723175122,48.4121723426212,4.67803454715219,"ok","expected_direction"
"spatial_unit","Central","occurrence","PTb_vs_P2",TRUE,"",28,"Substitution","between_minus_within",98,"ecoregion",29.5357142857143,2000,2000,1,11.9654499750808,54.1619480519481,7.61607142857143,"ok","expected_direction"
"spatial_unit","Chaleur Bay","biomass","MEAN",TRUE,"",29,"Substitution","between_minus_within",99,"ecoregion",30.5937950937951,2000,1752,0.876,11.1439580179808,,,"invalid_bootstrap_replicates","not_evaluable"
"spatial_unit","Chaleur Bay","biomass","PTa_vs_P1a",TRUE,"",30,"Substitution","between_minus_within",100,"ecoregion",34.3939393939393,2000,2000,1,13.7720216445114,61.1217948717948,9.51473526473525,"ok","expected_direction"
"spatial_unit","Chaleur Bay","biomass","PTa_vs_P1b",TRUE,"",31,"Substitution","between_minus_within",101,"ecoregion",34.3939393939393,2000,2000,1,16.8282245246961,64.6153846153847,0.98351648351639,"ok","expected_direction"
"spatial_unit","Chaleur Bay","biomass","PTa_vs_P2",TRUE,"",32,"Substitution","between_minus_within",102,"ecoregion",42.7272727272727,2000,1752,0.876,13.864900417026,,,"invalid_bootstrap_replicates","not_evaluable"
"spatial_unit","Chaleur Bay","biomass","PTb_vs_P1a",TRUE,"",33,"Substitution","between_minus_within",103,"ecoregion",21.2380952380952,2000,1999,0.9995,14.715299153903,,,"invalid_bootstrap_replicates","not_evaluable"
"spatial_unit","Chaleur Bay","biomass","PTb_vs_P1b",TRUE,"",34,"Substitution","between_minus_within",104,"ecoregion",21.2380952380952,2000,1999,0.9995,19.3252125094824,,,"invalid_bootstrap_replicates","not_evaluable"
"spatial_unit","Chaleur Bay","biomass","PTb_vs_P2",TRUE,"",35,"Substitution","between_minus_within",105,"ecoregion",29.5714285714285,2000,1752,0.876,17.2374235951819,,,"invalid_bootstrap_replicates","not_evaluable"
"spatial_unit","Chaleur Bay","occurrence","MEAN",TRUE,"",36,"Substitution","between_minus_within",106,"ecoregion",54.8860028860029,2000,1752,0.876,11.6068805489567,,,"invalid_bootstrap_replicates","not_evaluable"
"spatial_unit","Chaleur Bay","occurrence","PTa_vs_P1a",TRUE,"",37,"Substitution","between_minus_within",107,"ecoregion",60.121212121212,2000,2000,1,13.8522906435935,86.6371212121211,33.2117482517482,"ok","expected_direction"
"spatial_unit","Chaleur Bay","occurrence","PTa_vs_P1b",TRUE,"",38,"Substitution","between_minus_within",108,"ecoregion",60.121212121212,2000,2000,1,13.8522906435935,86.6371212121211,33.2117482517482,"ok","expected_direction"
"spatial_unit","Chaleur Bay","occurrence","PTa_vs_P2",TRUE,"",39,"Substitution","between_minus_within",109,"ecoregion",66.9545454545453,2000,1752,0.876,13.4620528365317,,,"invalid_bootstrap_replicates","not_evaluable"
"spatial_unit","Chaleur Bay","occurrence","PTb_vs_P1a",TRUE,"",40,"Substitution","between_minus_within",110,"ecoregion",45.0952380952382,2000,1999,0.9995,15.6703816421907,,,"invalid_bootstrap_replicates","not_evaluable"
"spatial_unit","Chaleur Bay","occurrence","PTb_vs_P1b",TRUE,"",41,"Substitution","between_minus_within",111,"ecoregion",45.0952380952382,2000,1999,0.9995,15.6703816421907,,,"invalid_bootstrap_replicates","not_evaluable"
"spatial_unit","Chaleur Bay","occurrence","PTb_vs_P2",TRUE,"",42,"Substitution","between_minus_within",112,"ecoregion",51.9285714285716,2000,1752,0.876,16.4806986707362,,,"invalid_bootstrap_replicates","not_evaluable"
"spatial_unit","Magdalen Shallows","biomass","MEAN",TRUE,"",43,"Substitution","between_minus_within",113,"ecoregion",25.9215201403604,2000,2000,1,6.37898264788435,38.3558493693125,13.4709969759034,"ok","expected_direction"
"spatial_unit","Magdalen Shallows","biomass","PTa_vs_P1a",TRUE,"",44,"Substitution","between_minus_within",114,"ecoregion",24.5888364779875,2000,2000,1,8.71403664981711,40.8388193948909,6.99002441077451,"ok","expected_direction"
"spatial_unit","Magdalen Shallows","biomass","PTa_vs_P1b",TRUE,"",45,"Substitution","between_minus_within",115,"ecoregion",27.0765815760268,2000,2000,1,8.0840010277833,42.2549135220126,11.2452566943015,"ok","expected_direction"
"spatial_unit","Magdalen Shallows","biomass","PTa_vs_P2",TRUE,"",46,"Substitution","between_minus_within",116,"ecoregion",38.2721698113208,2000,2000,1,7.09154936322112,51.7354432752782,24.2579651467505,"ok","expected_direction"
"spatial_unit","Magdalen Shallows","biomass","PTb_vs_P1a",TRUE,"",47,"Substitution","between_minus_within",117,"ecoregion",16.4734848484848,2000,2000,1,9.03618143728945,33.8877008629668,-1.62913477891157,"ok","interval_includes_zero"
"spatial_unit","Magdalen Shallows","biomass","PTb_vs_P1b",TRUE,"",48,"Substitution","between_minus_within",118,"ecoregion",18.9612299465241,2000,2000,1,7.95277723092572,34.649436498023,3.47875820344544,"ok","expected_direction"
"spatial_unit","Magdalen Shallows","biomass","PTb_vs_P2",TRUE,"",49,"Substitution","between_minus_within",119,"ecoregion",30.1568181818182,2000,2000,1,7.91764761253991,45.3122256655152,14.2176795672466,"ok","expected_direction"
"spatial_unit","Magdalen Shallows","occurrence","MEAN",TRUE,"",50,"Substitution","between_minus_within",120,"ecoregion",32.6462205293781,2000,2000,1,6.05193892210501,44.7603153403023,20.6225974046797,"ok","expected_direction"
"spatial_unit","Magdalen Shallows","occurrence","PTa_vs_P1a",TRUE,"",51,"Substitution","between_minus_within",121,"ecoregion",26.6132075471697,2000,2000,1,7.56786017553695,40.8894097222222,11.4466678486998,"ok","expected_direction"
"spatial_unit","Magdalen Shallows","occurrence","PTa_vs_P1b",TRUE,"",52,"Substitution","between_minus_within",122,"ecoregion",22.4661487236403,2000,2000,1,7.95938868479602,38.0829554730984,6.71620421753601,"ok","expected_direction"
"spatial_unit","Magdalen Shallows","occurrence","PTa_vs_P2",TRUE,"",53,"Substitution","between_minus_within",123,"ecoregion",36.3132075471697,2000,2000,1,7.39337604498998,50.3525997150998,21.5079009608278,"ok","expected_direction"
"spatial_unit","Magdalen Shallows","occurrence","PTb_vs_P1a",TRUE,"",54,"Substitution","between_minus_within",124,"ecoregion",34.9772727272728,2000,2000,1,8.30453585850872,51.762816195256,18.7952529761905,"ok","expected_direction"
"spatial_unit","Magdalen Shallows","occurrence","PTb_vs_P1b",TRUE,"",55,"Substitution","between_minus_within",125,"ecoregion",30.8302139037435,2000,2000,1,8.11541576456144,47.2236525442644,14.3925987099106,"ok","expected_direction"
"spatial_unit","Magdalen Shallows","occurrence","PTb_vs_P2",TRUE,"",56,"Substitution","between_minus_within",126,"ecoregion",44.6772727272728,2000,2000,1,7.25052372689954,58.6718922924902,30.1247571105795,"ok","expected_direction"
"spatial_unit","Northumberland","biomass","MEAN",TRUE,"",57,"Substitution","between_minus_within",127,"ecoregion",8.97993088782563,2000,2000,1,7.21229876624628,24.9959894966145,-2.74171987734487,"ok","interval_includes_zero"
"spatial_unit","Northumberland","biomass","PTa_vs_P1a",TRUE,"",58,"Substitution","between_minus_within",128,"ecoregion",22.6315789473684,2000,2000,1,8.22448685671812,39.882913165266,8.14919117647058,"ok","expected_direction"
"spatial_unit","Northumberland","biomass","PTa_vs_P1b",TRUE,"",59,"Substitution","between_minus_within",129,"ecoregion",22.6315789473684,2000,2000,1,8.22448685671812,39.882913165266,8.14919117647058,"ok","expected_direction"
"spatial_unit","Northumberland","biomass","PTa_vs_P2",TRUE,"",60,"Substitution","between_minus_within",130,"ecoregion",1.71491228070176,2000,2000,1,10.1919665540143,20.9529411764705,-19.5278195488723,"ok","interval_includes_zero"
"spatial_unit","Northumberland","biomass","PTb_vs_P1a",TRUE,"",61,"Substitution","between_minus_within",131,"ecoregion",9.27272727272728,2000,2000,1,9.00657891515448,30.205,0,"ok","interval_includes_zero"
"spatial_unit","Northumberland","biomass","PTb_vs_P1b",TRUE,"",62,"Substitution","between_minus_within",132,"ecoregion",9.27272727272728,2000,2000,1,9.00657891515448,30.205,0,"ok","interval_includes_zero"
"spatial_unit","Northumberland","biomass","PTb_vs_P2",TRUE,"",63,"Substitution","between_minus_within",133,"ecoregion",-11.6439393939394,2000,2000,1,12.7595706985903,13.3484848484848,-37.6190151515152,"ok","interval_includes_zero"
"spatial_unit","Northumberland","occurrence","MEAN",TRUE,"",64,"Substitution","between_minus_within",134,"ecoregion",36.0977443609023,2000,2000,1,10.9151524105568,57.7171330204883,15.3819231748644,"ok","expected_direction"
"spatial_unit","Northumberland","occurrence","PTa_vs_P1a",TRUE,"",65,"Substitution","between_minus_within",135,"ecoregion",37.6954887218045,2000,2000,1,15.2545362245948,65.1311011904761,5.57759803921577,"ok","expected_direction"
"spatial_unit","Northumberland","occurrence","PTa_vs_P1b",TRUE,"",66,"Substitution","between_minus_within",136,"ecoregion",38.1240601503759,2000,2000,1,15.1581266354968,65.5604910714285,6.47499999999996,"ok","expected_direction"
"spatial_unit","Northumberland","occurrence","PTa_vs_P2",TRUE,"",67,"Substitution","between_minus_within",137,"ecoregion",28.0526315789473,2000,2000,1,17.8391934490678,61.113005050505,-7.78074162679429,"ok","interval_includes_zero"
"spatial_unit","Northumberland","occurrence","PTb_vs_P1a",TRUE,"",68,"Substitution","between_minus_within",138,"ecoregion",40.6428571428572,2000,2000,1,15.1019405091885,70.1922483766234,11.5465129233511,"ok","expected_direction"
"spatial_unit","Northumberland","occurrence","PTb_vs_P1b",TRUE,"",69,"Substitution","between_minus_within",139,"ecoregion",41.0714285714287,2000,2000,1,14.8772989032637,70.3682142857144,12.4416666666667,"ok","expected_direction"
"spatial_unit","Northumberland","occurrence","PTb_vs_P2",TRUE,"",70,"Substitution","between_minus_within",140,"ecoregion",31.0000000000001,2000,2000,1,12.5521805683518,56.8893939393938,8.7263636363636,"ok","expected_direction"
