d_eco,d_str,n,pct_within_eco
Emerging Shift,Stable Diet,310,78.1
Emerging Shift,Ghost Shift,45,11.3
Emerging Shift,Niche Compression/Expansion,27,6.8
Emerging Shift,Emerging Shift,13,3.3
Emerging Shift,Internal Rebalancing,2,0.5
Ghost Shift,Ghost Shift,2775,46.3
Ghost Shift,Stable Diet,1778,29.7
Ghost Shift,Partial Diet Shift,501,8.4
Ghost Shift,Emerging Shift,356,5.9
Ghost Shift,Major Shift,131,2.2
Ghost Shift,Structural Shift,131,2.2
Ghost Shift,Niche Restructuring,127,2.1
Ghost Shift,Niche Compression/Expansion,109,1.8
Ghost Shift,Internal Rebalancing,85,1.4
Internal Rebalancing,Internal Rebalancing,124,64.6
Internal Rebalancing,Stable Diet,61,31.8
Internal Rebalancing,Partial Diet Shift,7,3.6
Major Shift,Ghost Shift,284,44.5
Major Shift,Partial Diet Shift,146,22.9
Major Shift,Stable Diet,77,12.1
Major Shift,Structural Shift,49,7.7
Major Shift,Internal Rebalancing,38,6
Major Shift,Emerging Shift,22,3.4
Major Shift,Niche Compression/Expansion,18,2.8
Major Shift,Niche Restructuring,4,0.6
Niche Restructuring,Niche Compression/Expansion,88,71.5
Niche Restructuring,Internal Rebalancing,35,28.5
Partial Diet Shift,Ghost Shift,1404,57.7
Partial Diet Shift,Partial Diet Shift,604,24.8
Partial Diet Shift,Stable Diet,138,5.7
Partial Diet Shift,Emerging Shift,137,5.6
Partial Diet Shift,Internal Rebalancing,80,3.3
Partial Diet Shift,Niche Restructuring,38,1.6
Partial Diet Shift,Major Shift,24,1
Partial Diet Shift,Structural Shift,5,0.2
Partial Diet Shift,Niche Compression/Expansion,3,0.1
Stable Diet,Stable Diet,444,68.5
Stable Diet,Emerging Shift,78,12
Stable Diet,Ghost Shift,57,8.8
Stable Diet,Internal Rebalancing,46,7.1
Stable Diet,Niche Restructuring,23,3.5
Structural Shift,Ghost Shift,1260,45.4
Structural Shift,Stable Diet,722,26
Structural Shift,Structural Shift,300,10.8
Structural Shift,Partial Diet Shift,143,5.2
Structural Shift,Emerging Shift,131,4.7
Structural Shift,Internal Rebalancing,126,4.5
Structural Shift,Major Shift,94,3.4
