Area,stratum,n_rec,share
Central,415,983,90.3
Magdalen Shallows,415,105,9.7
Magdalen Shallows,417,919,95.7
Chaleur Bay,417,41,4.3
Chaleur Bay,418,828,94.7
Magdalen Shallows,418,46,5.3
Magdalen Shallows,420,1157,87.6
Northumberland,420,164,12.4
Northumberland,421,646,88.3
Magdalen Shallows,421,86,11.7
Central,426,477,66.6
Magdalen Shallows,426,239,33.4
Magdalen Shallows,427,875,87.2
Central,427,129,12.8
Magdalen Shallows,433,1055,55.6
Northumberland,433,844,44.4
Magdalen Shallows,436,1759,95.3
Central,436,86,4.7
Central,438,1166,73.4
Magdalen Shallows,438,422,26.6
Central,439,456,66.3
Magdalen Shallows,439,232,33.7
