contrast,contrast_type,mode,n_substitution,pct_equiv_H,pct_equiv_Bs,pct_equiv_both
P1a,within,biomass,1393,1.0050251256281406,73.36683417085426,1.0050251256281406
P1a,within,occurrence,1425,0.631578947368421,31.438596491228072,0.631578947368421
P1b,within,biomass,1297,1.0794140323824208,86.58442559753277,1.0794140323824208
P1b,within,occurrence,1737,3.3966609096142775,44.04145077720207,1.6119746689694874
P2,within,biomass,784,0,64.79591836734694,0
P2,within,occurrence,793,0,6.809583858764187,0
PTb,between,biomass,2738,0,63.44046749452155,0
PTb,between,occurrence,3914,0.35769034236075625,17.092488502810426,0
PTa,between,biomass,4445,0,77.72778402699663,0
PTa,between,occurrence,5127,1.2677979325141409,32.61166374097913,1.2677979325141409
