contrast,contrast_type,mode,family,pct_mean,sd_across_x,alpha,trend
P1a,within,biomass,Functional change,10.973170518207283,1.6557687675444877,0.01,0.05
P1a,within,biomass,Reorganisation,1.0416666666666667,0,0.01,0.05
P1a,within,biomass,Stability,83.02682948179272,1.9669478319938212,0.01,0.05
P1a,within,biomass,Substitution,4.958333333333333,0.4592125023716751,0.01,0.05
P1a,within,occurrence,Functional change,1.5639880952380953,0.9584621174137192,0.01,0.05
P1a,within,occurrence,Reorganisation,2.1700367647058822,1.0642412110272323,0.01,0.05
P1a,within,occurrence,Stability,85.89027485994399,1.8491485960714844,0.01,0.05
P1a,within,occurrence,Substitution,10.375700280112046,1.419847663405042,0.01,0.05
P1b,within,biomass,Functional change,10.039449112978525,2.042533093447493,0.01,0.05
P1b,within,biomass,Reorganisation,0.5040849673202614,0.1388888888888889,0.01,0.05
P1b,within,biomass,Stability,85.05450513538749,2.324086329880931,0.01,0.05
P1b,within,biomass,Substitution,4.401960784313726,0.41207582395158493,0.01,0.05
P1b,within,occurrence,Functional change,1.2398459383753502,0.8113672275176063,0.01,0.05
P1b,within,occurrence,Reorganisation,1.7549019607843137,0.7648649901427679,0.01,0.05
P1b,within,occurrence,Stability,85.76622315592904,1.4829497062323873,0.01,0.05
P1b,within,occurrence,Substitution,11.239028944911299,1.3222224389588393,0.01,0.05
P2,within,biomass,Functional change,10.227083333333335,1.3553704827916595,0.01,0.05
P2,within,biomass,Reorganisation,0.01875,0.1071541299986033,0.01,0.05
P2,within,biomass,Stability,88.08125,1.809992363381526,0.01,0.05
P2,within,biomass,Substitution,1.6729166666666668,1.1041666666666667,0.01,0.05
P2,within,occurrence,Functional change,3.216666666666667,1.6097499474695527,0.01,0.05
P2,within,occurrence,Reorganisation,0.43125,0.29051449919483235,0.01,0.05
P2,within,occurrence,Stability,93.71666666666667,1.6263861393588388,0.01,0.05
P2,within,occurrence,Substitution,2.635416666666667,2.03637632286838,0.01,0.05
PTb,between,biomass,Functional change,7.109577922077922,0.9597853086546165,0.01,0.05
PTb,between,biomass,Reorganisation,5.655032467532467,1.3405611495696101,0.01,0.05
PTb,between,biomass,Stability,63.929383116883116,2.3609928383265215,0.01,0.05
PTb,between,biomass,Substitution,23.306006493506494,2.036787512354118,0.01,0.05
PTb,between,occurrence,Functional change,1.2321428571428572,0.8003254902222725,0.01,0.05
PTb,between,occurrence,Reorganisation,7.745941558441559,1.8659116542852512,0.01,0.05
PTb,between,occurrence,Stability,52.33766233766234,3.46771630777398,0.01,0.05
PTb,between,occurrence,Substitution,38.68425324675325,2.750757400793251,0.01,0.05
PTa,between,biomass,Functional change,9.00695797864149,0.8429810774817023,0.01,0.05
PTa,between,biomass,Reorganisation,6.6166686138209005,2.887524920259185,0.01,0.05
PTa,between,biomass,Stability,43.727611266588426,2.376850557026273,0.01,0.05
PTa,between,biomass,Substitution,40.64876214094919,2.2578237774287886,0.01,0.05
PTa,between,occurrence,Functional change,2.62214498510427,0.7899957400730236,0.01,0.05
PTa,between,occurrence,Reorganisation,15.655105438401776,1.5310932059150528,0.01,0.05
PTa,between,occurrence,Stability,29.18743129643299,1.9924024126176332,0.01,0.05
PTa,between,occurrence,Substitution,52.53531828006096,1.995721806464991,0.01,0.05
P1a,within,biomass,Functional change,10.973170518207283,1.6557687675444877,0.01,0.1
P1a,within,biomass,Reorganisation,1.0416666666666667,0,0.01,0.1
P1a,within,biomass,Stability,83.02682948179272,1.9669478319938212,0.01,0.1
P1a,within,biomass,Substitution,4.958333333333333,0.4592125023716751,0.01,0.1
P1a,within,occurrence,Functional change,1.5639880952380953,0.9584621174137192,0.01,0.1
P1a,within,occurrence,Reorganisation,2.1700367647058822,1.0642412110272323,0.01,0.1
P1a,within,occurrence,Stability,85.89027485994399,1.8491485960714844,0.01,0.1
P1a,within,occurrence,Substitution,10.375700280112046,1.419847663405042,0.01,0.1
P1b,within,biomass,Functional change,10.039449112978525,2.042533093447493,0.01,0.1
P1b,within,biomass,Reorganisation,0.5040849673202614,0.1388888888888889,0.01,0.1
P1b,within,biomass,Stability,85.05450513538749,2.324086329880931,0.01,0.1
P1b,within,biomass,Substitution,4.401960784313726,0.41207582395158493,0.01,0.1
P1b,within,occurrence,Functional change,1.2398459383753502,0.8113672275176063,0.01,0.1
P1b,within,occurrence,Reorganisation,1.7549019607843137,0.7648649901427679,0.01,0.1
P1b,within,occurrence,Stability,85.76622315592904,1.4829497062323873,0.01,0.1
P1b,within,occurrence,Substitution,11.239028944911299,1.3222224389588393,0.01,0.1
P2,within,biomass,Functional change,10.227083333333335,1.3553704827916595,0.01,0.1
P2,within,biomass,Reorganisation,0.01875,0.1071541299986033,0.01,0.1
P2,within,biomass,Stability,88.08125,1.809992363381526,0.01,0.1
P2,within,biomass,Substitution,1.6729166666666668,1.1041666666666667,0.01,0.1
P2,within,occurrence,Functional change,3.216666666666667,1.6097499474695527,0.01,0.1
P2,within,occurrence,Reorganisation,0.43125,0.29051449919483235,0.01,0.1
P2,within,occurrence,Stability,93.71666666666667,1.6263861393588388,0.01,0.1
P2,within,occurrence,Substitution,2.635416666666667,2.03637632286838,0.01,0.1
PTb,between,biomass,Functional change,7.109577922077922,0.9597853086546165,0.01,0.1
PTb,between,biomass,Reorganisation,5.655032467532467,1.3405611495696101,0.01,0.1
PTb,between,biomass,Stability,63.929383116883116,2.3609928383265215,0.01,0.1
PTb,between,biomass,Substitution,23.306006493506494,2.036787512354118,0.01,0.1
PTb,between,occurrence,Functional change,1.2321428571428572,0.8003254902222725,0.01,0.1
PTb,between,occurrence,Reorganisation,7.745941558441559,1.8659116542852512,0.01,0.1
PTb,between,occurrence,Stability,52.33766233766234,3.46771630777398,0.01,0.1
PTb,between,occurrence,Substitution,38.68425324675325,2.750757400793251,0.01,0.1
PTa,between,biomass,Functional change,9.00695797864149,0.8429810774817023,0.01,0.1
PTa,between,biomass,Reorganisation,6.6166686138209005,2.887524920259185,0.01,0.1
PTa,between,biomass,Stability,43.727611266588426,2.376850557026273,0.01,0.1
PTa,between,biomass,Substitution,40.64876214094919,2.2578237774287886,0.01,0.1
PTa,between,occurrence,Functional change,2.62214498510427,0.7899957400730236,0.01,0.1
PTa,between,occurrence,Reorganisation,15.655105438401776,1.5310932059150528,0.01,0.1
PTa,between,occurrence,Stability,29.18743129643299,1.9924024126176332,0.01,0.1
PTa,between,occurrence,Substitution,52.53531828006096,1.995721806464991,0.01,0.1
P1a,within,biomass,Functional change,10.973170518207283,1.6557687675444877,0.01,0.15
P1a,within,biomass,Reorganisation,1.0416666666666667,0,0.01,0.15
P1a,within,biomass,Stability,83.02682948179272,1.9669478319938212,0.01,0.15
P1a,within,biomass,Substitution,4.958333333333333,0.4592125023716751,0.01,0.15
P1a,within,occurrence,Functional change,1.5639880952380953,0.9584621174137192,0.01,0.15
P1a,within,occurrence,Reorganisation,2.1700367647058822,1.0642412110272323,0.01,0.15
P1a,within,occurrence,Stability,85.89027485994399,1.8491485960714844,0.01,0.15
P1a,within,occurrence,Substitution,10.375700280112046,1.419847663405042,0.01,0.15
P1b,within,biomass,Functional change,10.039449112978525,2.042533093447493,0.01,0.15
P1b,within,biomass,Reorganisation,0.5040849673202614,0.1388888888888889,0.01,0.15
P1b,within,biomass,Stability,85.05450513538749,2.324086329880931,0.01,0.15
P1b,within,biomass,Substitution,4.401960784313726,0.41207582395158493,0.01,0.15
P1b,within,occurrence,Functional change,1.2398459383753502,0.8113672275176063,0.01,0.15
P1b,within,occurrence,Reorganisation,1.7549019607843137,0.7648649901427679,0.01,0.15
P1b,within,occurrence,Stability,85.76622315592904,1.4829497062323873,0.01,0.15
P1b,within,occurrence,Substitution,11.239028944911299,1.3222224389588393,0.01,0.15
P2,within,biomass,Functional change,10.227083333333335,1.3553704827916595,0.01,0.15
P2,within,biomass,Reorganisation,0.01875,0.1071541299986033,0.01,0.15
P2,within,biomass,Stability,88.08125,1.809992363381526,0.01,0.15
P2,within,biomass,Substitution,1.6729166666666668,1.1041666666666667,0.01,0.15
P2,within,occurrence,Functional change,3.216666666666667,1.6097499474695527,0.01,0.15
P2,within,occurrence,Reorganisation,0.43125,0.29051449919483235,0.01,0.15
P2,within,occurrence,Stability,93.71666666666667,1.6263861393588388,0.01,0.15
P2,within,occurrence,Substitution,2.635416666666667,2.03637632286838,0.01,0.15
PTb,between,biomass,Functional change,7.109577922077922,0.9597853086546165,0.01,0.15
PTb,between,biomass,Reorganisation,5.655032467532467,1.3405611495696101,0.01,0.15
PTb,between,biomass,Stability,63.929383116883116,2.3609928383265215,0.01,0.15
PTb,between,biomass,Substitution,23.306006493506494,2.036787512354118,0.01,0.15
PTb,between,occurrence,Functional change,1.2321428571428572,0.8003254902222725,0.01,0.15
PTb,between,occurrence,Reorganisation,7.745941558441559,1.8659116542852512,0.01,0.15
PTb,between,occurrence,Stability,52.33766233766234,3.46771630777398,0.01,0.15
PTb,between,occurrence,Substitution,38.68425324675325,2.750757400793251,0.01,0.15
PTa,between,biomass,Functional change,9.00695797864149,0.8429810774817023,0.01,0.15
PTa,between,biomass,Reorganisation,6.6166686138209005,2.887524920259185,0.01,0.15
PTa,between,biomass,Stability,43.727611266588426,2.376850557026273,0.01,0.15
PTa,between,biomass,Substitution,40.64876214094919,2.2578237774287886,0.01,0.15
PTa,between,occurrence,Functional change,2.62214498510427,0.7899957400730236,0.01,0.15
PTa,between,occurrence,Reorganisation,15.655105438401776,1.5310932059150528,0.01,0.15
PTa,between,occurrence,Stability,29.18743129643299,1.9924024126176332,0.01,0.15
PTa,between,occurrence,Substitution,52.53531828006096,1.995721806464991,0.01,0.15
P1a,within,biomass,Functional change,10.973170518207283,1.6557687675444877,0.01,0.2
P1a,within,biomass,Reorganisation,1.0416666666666667,0,0.01,0.2
P1a,within,biomass,Stability,83.02682948179272,1.9669478319938212,0.01,0.2
P1a,within,biomass,Substitution,4.958333333333333,0.4592125023716751,0.01,0.2
P1a,within,occurrence,Functional change,1.5639880952380953,0.9584621174137192,0.01,0.2
P1a,within,occurrence,Reorganisation,2.1700367647058822,1.0642412110272323,0.01,0.2
P1a,within,occurrence,Stability,85.89027485994399,1.8491485960714844,0.01,0.2
P1a,within,occurrence,Substitution,10.375700280112046,1.419847663405042,0.01,0.2
P1b,within,biomass,Functional change,10.039449112978525,2.042533093447493,0.01,0.2
P1b,within,biomass,Reorganisation,0.5040849673202614,0.1388888888888889,0.01,0.2
P1b,within,biomass,Stability,85.05450513538749,2.324086329880931,0.01,0.2
P1b,within,biomass,Substitution,4.401960784313726,0.41207582395158493,0.01,0.2
P1b,within,occurrence,Functional change,1.2398459383753502,0.8113672275176063,0.01,0.2
P1b,within,occurrence,Reorganisation,1.7549019607843137,0.7648649901427679,0.01,0.2
P1b,within,occurrence,Stability,85.76622315592904,1.4829497062323873,0.01,0.2
P1b,within,occurrence,Substitution,11.239028944911299,1.3222224389588393,0.01,0.2
P2,within,biomass,Functional change,10.227083333333335,1.3553704827916595,0.01,0.2
P2,within,biomass,Reorganisation,0.01875,0.1071541299986033,0.01,0.2
P2,within,biomass,Stability,88.08125,1.809992363381526,0.01,0.2
P2,within,biomass,Substitution,1.6729166666666668,1.1041666666666667,0.01,0.2
P2,within,occurrence,Functional change,3.216666666666667,1.6097499474695527,0.01,0.2
P2,within,occurrence,Reorganisation,0.43125,0.29051449919483235,0.01,0.2
P2,within,occurrence,Stability,93.71666666666667,1.6263861393588388,0.01,0.2
P2,within,occurrence,Substitution,2.635416666666667,2.03637632286838,0.01,0.2
PTb,between,biomass,Functional change,7.109577922077922,0.9597853086546165,0.01,0.2
PTb,between,biomass,Reorganisation,5.655032467532467,1.3405611495696101,0.01,0.2
PTb,between,biomass,Stability,63.929383116883116,2.3609928383265215,0.01,0.2
PTb,between,biomass,Substitution,23.306006493506494,2.036787512354118,0.01,0.2
PTb,between,occurrence,Functional change,1.2321428571428572,0.8003254902222725,0.01,0.2
PTb,between,occurrence,Reorganisation,7.745941558441559,1.8659116542852512,0.01,0.2
PTb,between,occurrence,Stability,52.33766233766234,3.46771630777398,0.01,0.2
PTb,between,occurrence,Substitution,38.68425324675325,2.750757400793251,0.01,0.2
PTa,between,biomass,Functional change,9.00695797864149,0.8429810774817023,0.01,0.2
PTa,between,biomass,Reorganisation,6.6166686138209005,2.887524920259185,0.01,0.2
PTa,between,biomass,Stability,43.727611266588426,2.376850557026273,0.01,0.2
PTa,between,biomass,Substitution,40.64876214094919,2.2578237774287886,0.01,0.2
PTa,between,occurrence,Functional change,2.62214498510427,0.7899957400730236,0.01,0.2
PTa,between,occurrence,Reorganisation,15.655105438401776,1.5310932059150528,0.01,0.2
PTa,between,occurrence,Stability,29.18743129643299,1.9924024126176332,0.01,0.2
PTa,between,occurrence,Substitution,52.53531828006096,1.995721806464991,0.01,0.2
P1a,within,biomass,Functional change,18.658350840336134,1.8275505503877543,0.025,0.05
P1a,within,biomass,Reorganisation,2.03921568627451,1.3653171708626308,0.025,0.05
P1a,within,biomass,Stability,72.47951680672269,2.6922560608866672,0.025,0.05
P1a,within,biomass,Substitution,6.822916666666667,1.0000635677046015,0.025,0.05
P1a,within,occurrence,Functional change,3.473914565826331,1.1525969111759993,0.025,0.05
P1a,within,occurrence,Reorganisation,5.935661764705883,0.8923044340977454,0.025,0.05
P1a,within,occurrence,Stability,79.71341036414566,1.02928303754095,0.025,0.05
P1a,within,occurrence,Substitution,10.877013305322128,0.44471470805765156,0.025,0.05
P1b,within,biomass,Functional change,18.14595004668534,1.20932226404022,0.025,0.05
P1b,within,biomass,Reorganisation,1.4068627450980393,1.2788935254576663,0.025,0.05
P1b,within,biomass,Stability,74.89939309056956,2.2545835010106643,0.025,0.05
P1b,within,biomass,Substitution,5.547794117647059,0.7208875773922334,0.025,0.05
P1b,within,occurrence,Functional change,3.6279178338001867,1.0031379503849387,0.025,0.05
P1b,within,occurrence,Reorganisation,5.883986928104576,0.4498120527935862,0.025,0.05
P1b,within,occurrence,Stability,79.45086367880485,1.0829827639023535,0.025,0.05
P1b,within,occurrence,Substitution,11.037231559290383,0.6719944552245031,0.025,0.05
P2,within,biomass,Functional change,15.941666666666666,1.2501683388331646,0.025,0.05
P2,within,biomass,Reorganisation,0.975,0.5846845821518305,0.025,0.05
P2,within,biomass,Stability,78.30208333333333,3.116553540277528,0.025,0.05
P2,within,biomass,Substitution,4.78125,1.944078022834074,0.025,0.05
P2,within,occurrence,Functional change,6.477083333333334,2.1439201533026773,0.025,0.05
P2,within,occurrence,Reorganisation,2.0875,1.7435396627423065,0.025,0.05
P2,within,occurrence,Stability,86.19166666666666,2.0919602527807153,0.025,0.05
P2,within,occurrence,Substitution,5.24375,1.489727910268515,0.025,0.05
PTb,between,biomass,Functional change,14.609577922077923,1.471183778559784,0.025,0.05
PTb,between,biomass,Reorganisation,8.993506493506494,1.9929361229559819,0.025,0.05
PTb,between,biomass,Stability,46.416396103896105,2.8323429961594826,0.025,0.05
PTb,between,biomass,Substitution,29.98051948051948,2.502842434330547,0.025,0.05
PTb,between,occurrence,Functional change,3.20211038961039,0.6276054309084999,0.025,0.05
PTb,between,occurrence,Reorganisation,12.327922077922079,2.355670349621021,0.025,0.05
PTb,between,occurrence,Stability,36.20048701298701,2.2350663001933526,0.025,0.05
PTb,between,occurrence,Substitution,48.26948051948052,3.570904550539397,0.025,0.05
PTa,between,biomass,Functional change,7.323197510474805,1.4966709682258534,0.025,0.05
PTa,between,biomass,Reorganisation,14.557446802861255,4.186914718157445,0.025,0.05
PTa,between,biomass,Stability,34.17922271373116,3.4070019774366185,0.025,0.05
PTa,between,biomass,Substitution,43.94013297293279,2.6917639840260676,0.025,0.05
PTa,between,occurrence,Functional change,3.3584679967500226,0.8580244319879108,0.025,0.05
PTa,between,occurrence,Reorganisation,19.28943385605574,1.7605654953573993,0.025,0.05
PTa,between,occurrence,Stability,22.525164755800308,2.901885436745075,0.025,0.05
PTa,between,occurrence,Substitution,54.826933391393936,1.6650641159732804,0.025,0.05
P1a,within,biomass,Functional change,18.658350840336134,1.8275505503877543,0.025,0.1
P1a,within,biomass,Reorganisation,2.03921568627451,1.3653171708626308,0.025,0.1
P1a,within,biomass,Stability,72.47951680672269,2.6922560608866672,0.025,0.1
P1a,within,biomass,Substitution,6.822916666666667,1.0000635677046015,0.025,0.1
P1a,within,occurrence,Functional change,3.473914565826331,1.1525969111759993,0.025,0.1
P1a,within,occurrence,Reorganisation,5.935661764705883,0.8923044340977454,0.025,0.1
P1a,within,occurrence,Stability,79.71341036414566,1.02928303754095,0.025,0.1
P1a,within,occurrence,Substitution,10.877013305322128,0.44471470805765156,0.025,0.1
P1b,within,biomass,Functional change,18.14595004668534,1.20932226404022,0.025,0.1
P1b,within,biomass,Reorganisation,1.4068627450980393,1.2788935254576663,0.025,0.1
P1b,within,biomass,Stability,74.89939309056956,2.2545835010106643,0.025,0.1
P1b,within,biomass,Substitution,5.547794117647059,0.7208875773922334,0.025,0.1
P1b,within,occurrence,Functional change,3.6279178338001867,1.0031379503849387,0.025,0.1
P1b,within,occurrence,Reorganisation,5.883986928104576,0.4498120527935862,0.025,0.1
P1b,within,occurrence,Stability,79.45086367880485,1.0829827639023535,0.025,0.1
P1b,within,occurrence,Substitution,11.037231559290383,0.6719944552245031,0.025,0.1
P2,within,biomass,Functional change,15.941666666666666,1.2501683388331646,0.025,0.1
P2,within,biomass,Reorganisation,0.975,0.5846845821518305,0.025,0.1
P2,within,biomass,Stability,78.30208333333333,3.116553540277528,0.025,0.1
P2,within,biomass,Substitution,4.78125,1.944078022834074,0.025,0.1
P2,within,occurrence,Functional change,6.477083333333334,2.1439201533026773,0.025,0.1
P2,within,occurrence,Reorganisation,2.0875,1.7435396627423065,0.025,0.1
P2,within,occurrence,Stability,86.19166666666666,2.0919602527807153,0.025,0.1
P2,within,occurrence,Substitution,5.24375,1.489727910268515,0.025,0.1
PTb,between,biomass,Functional change,14.609577922077923,1.471183778559784,0.025,0.1
PTb,between,biomass,Reorganisation,8.993506493506494,1.9929361229559819,0.025,0.1
PTb,between,biomass,Stability,46.416396103896105,2.8323429961594826,0.025,0.1
PTb,between,biomass,Substitution,29.98051948051948,2.502842434330547,0.025,0.1
PTb,between,occurrence,Functional change,3.20211038961039,0.6276054309084999,0.025,0.1
PTb,between,occurrence,Reorganisation,12.327922077922079,2.355670349621021,0.025,0.1
PTb,between,occurrence,Stability,36.20048701298701,2.2350663001933526,0.025,0.1
PTb,between,occurrence,Substitution,48.26948051948052,3.570904550539397,0.025,0.1
PTa,between,biomass,Functional change,7.323197510474805,1.4966709682258534,0.025,0.1
PTa,between,biomass,Reorganisation,14.557446802861255,4.186914718157445,0.025,0.1
PTa,between,biomass,Stability,34.17922271373116,3.4070019774366185,0.025,0.1
PTa,between,biomass,Substitution,43.94013297293279,2.6917639840260676,0.025,0.1
PTa,between,occurrence,Functional change,3.3584679967500226,0.8580244319879108,0.025,0.1
PTa,between,occurrence,Reorganisation,19.28943385605574,1.7605654953573993,0.025,0.1
PTa,between,occurrence,Stability,22.525164755800308,2.901885436745075,0.025,0.1
PTa,between,occurrence,Substitution,54.826933391393936,1.6650641159732804,0.025,0.1
P1a,within,biomass,Functional change,18.658350840336134,1.8275505503877543,0.025,0.15
P1a,within,biomass,Reorganisation,2.03921568627451,1.3653171708626308,0.025,0.15
P1a,within,biomass,Stability,72.47951680672269,2.6922560608866672,0.025,0.15
P1a,within,biomass,Substitution,6.822916666666667,1.0000635677046015,0.025,0.15
P1a,within,occurrence,Functional change,3.473914565826331,1.1525969111759993,0.025,0.15
P1a,within,occurrence,Reorganisation,5.935661764705883,0.8923044340977454,0.025,0.15
P1a,within,occurrence,Stability,79.71341036414566,1.02928303754095,0.025,0.15
P1a,within,occurrence,Substitution,10.877013305322128,0.44471470805765156,0.025,0.15
P1b,within,biomass,Functional change,18.14595004668534,1.20932226404022,0.025,0.15
P1b,within,biomass,Reorganisation,1.4068627450980393,1.2788935254576663,0.025,0.15
P1b,within,biomass,Stability,74.89939309056956,2.2545835010106643,0.025,0.15
P1b,within,biomass,Substitution,5.547794117647059,0.7208875773922334,0.025,0.15
P1b,within,occurrence,Functional change,3.6279178338001867,1.0031379503849387,0.025,0.15
P1b,within,occurrence,Reorganisation,5.883986928104576,0.4498120527935862,0.025,0.15
P1b,within,occurrence,Stability,79.45086367880485,1.0829827639023535,0.025,0.15
P1b,within,occurrence,Substitution,11.037231559290383,0.6719944552245031,0.025,0.15
P2,within,biomass,Functional change,15.941666666666666,1.2501683388331646,0.025,0.15
P2,within,biomass,Reorganisation,0.975,0.5846845821518305,0.025,0.15
P2,within,biomass,Stability,78.30208333333333,3.116553540277528,0.025,0.15
P2,within,biomass,Substitution,4.78125,1.944078022834074,0.025,0.15
P2,within,occurrence,Functional change,6.477083333333334,2.1439201533026773,0.025,0.15
P2,within,occurrence,Reorganisation,2.0875,1.7435396627423065,0.025,0.15
P2,within,occurrence,Stability,86.19166666666666,2.0919602527807153,0.025,0.15
P2,within,occurrence,Substitution,5.24375,1.489727910268515,0.025,0.15
PTb,between,biomass,Functional change,14.609577922077923,1.471183778559784,0.025,0.15
PTb,between,biomass,Reorganisation,8.993506493506494,1.9929361229559819,0.025,0.15
PTb,between,biomass,Stability,46.416396103896105,2.8323429961594826,0.025,0.15
PTb,between,biomass,Substitution,29.98051948051948,2.502842434330547,0.025,0.15
PTb,between,occurrence,Functional change,3.20211038961039,0.6276054309084999,0.025,0.15
PTb,between,occurrence,Reorganisation,12.327922077922079,2.355670349621021,0.025,0.15
PTb,between,occurrence,Stability,36.20048701298701,2.2350663001933526,0.025,0.15
PTb,between,occurrence,Substitution,48.26948051948052,3.570904550539397,0.025,0.15
PTa,between,biomass,Functional change,7.323197510474805,1.4966709682258534,0.025,0.15
PTa,between,biomass,Reorganisation,14.557446802861255,4.186914718157445,0.025,0.15
PTa,between,biomass,Stability,34.17922271373116,3.4070019774366185,0.025,0.15
PTa,between,biomass,Substitution,43.94013297293279,2.6917639840260676,0.025,0.15
PTa,between,occurrence,Functional change,3.3584679967500226,0.8580244319879108,0.025,0.15
PTa,between,occurrence,Reorganisation,19.28943385605574,1.7605654953573993,0.025,0.15
PTa,between,occurrence,Stability,22.525164755800308,2.901885436745075,0.025,0.15
PTa,between,occurrence,Substitution,54.826933391393936,1.6650641159732804,0.025,0.15
P1a,within,biomass,Functional change,18.658350840336134,1.8275505503877543,0.025,0.2
P1a,within,biomass,Reorganisation,2.03921568627451,1.3653171708626308,0.025,0.2
P1a,within,biomass,Stability,72.47951680672269,2.6922560608866672,0.025,0.2
P1a,within,biomass,Substitution,6.822916666666667,1.0000635677046015,0.025,0.2
P1a,within,occurrence,Functional change,3.473914565826331,1.1525969111759993,0.025,0.2
P1a,within,occurrence,Reorganisation,5.935661764705883,0.8923044340977454,0.025,0.2
P1a,within,occurrence,Stability,79.71341036414566,1.02928303754095,0.025,0.2
P1a,within,occurrence,Substitution,10.877013305322128,0.44471470805765156,0.025,0.2
P1b,within,biomass,Functional change,18.14595004668534,1.20932226404022,0.025,0.2
P1b,within,biomass,Reorganisation,1.4068627450980393,1.2788935254576663,0.025,0.2
P1b,within,biomass,Stability,74.89939309056956,2.2545835010106643,0.025,0.2
P1b,within,biomass,Substitution,5.547794117647059,0.7208875773922334,0.025,0.2
P1b,within,occurrence,Functional change,3.6279178338001867,1.0031379503849387,0.025,0.2
P1b,within,occurrence,Reorganisation,5.883986928104576,0.4498120527935862,0.025,0.2
P1b,within,occurrence,Stability,79.45086367880485,1.0829827639023535,0.025,0.2
P1b,within,occurrence,Substitution,11.037231559290383,0.6719944552245031,0.025,0.2
P2,within,biomass,Functional change,15.941666666666666,1.2501683388331646,0.025,0.2
P2,within,biomass,Reorganisation,0.975,0.5846845821518305,0.025,0.2
P2,within,biomass,Stability,78.30208333333333,3.116553540277528,0.025,0.2
P2,within,biomass,Substitution,4.78125,1.944078022834074,0.025,0.2
P2,within,occurrence,Functional change,6.477083333333334,2.1439201533026773,0.025,0.2
P2,within,occurrence,Reorganisation,2.0875,1.7435396627423065,0.025,0.2
P2,within,occurrence,Stability,86.19166666666666,2.0919602527807153,0.025,0.2
P2,within,occurrence,Substitution,5.24375,1.489727910268515,0.025,0.2
PTb,between,biomass,Functional change,14.609577922077923,1.471183778559784,0.025,0.2
PTb,between,biomass,Reorganisation,8.993506493506494,1.9929361229559819,0.025,0.2
PTb,between,biomass,Stability,46.416396103896105,2.8323429961594826,0.025,0.2
PTb,between,biomass,Substitution,29.98051948051948,2.502842434330547,0.025,0.2
PTb,between,occurrence,Functional change,3.20211038961039,0.6276054309084999,0.025,0.2
PTb,between,occurrence,Reorganisation,12.327922077922079,2.355670349621021,0.025,0.2
PTb,between,occurrence,Stability,36.20048701298701,2.2350663001933526,0.025,0.2
PTb,between,occurrence,Substitution,48.26948051948052,3.570904550539397,0.025,0.2
PTa,between,biomass,Functional change,7.323197510474805,1.4966709682258534,0.025,0.2
PTa,between,biomass,Reorganisation,14.557446802861255,4.186914718157445,0.025,0.2
PTa,between,biomass,Stability,34.17922271373116,3.4070019774366185,0.025,0.2
PTa,between,biomass,Substitution,43.94013297293279,2.6917639840260676,0.025,0.2
PTa,between,occurrence,Functional change,3.3584679967500226,0.8580244319879108,0.025,0.2
PTa,between,occurrence,Reorganisation,19.28943385605574,1.7605654953573993,0.025,0.2
PTa,between,occurrence,Stability,22.525164755800308,2.901885436745075,0.025,0.2
PTa,between,occurrence,Substitution,54.826933391393936,1.6650641159732804,0.025,0.2
P1a,within,biomass,Functional change,20.20124299719888,1.188918762905423,0.05,0.1
P1a,within,biomass,Reorganisation,4.640931372549019,1.249049999389285,0.05,0.1
P1a,within,biomass,Stability,65.8937324929972,1.9792795260095055,0.05,0.1
P1a,within,biomass,Substitution,9.264093137254902,0.751173429240657,0.05,0.1
P1a,within,occurrence,Functional change,8.841474089635854,0.9924691947509124,0.05,0.1
P1a,within,occurrence,Reorganisation,8.569546568627452,0.3675772931346145,0.05,0.1
P1a,within,occurrence,Stability,70.68841911764706,1.6324580085974651,0.05,0.1
P1a,within,occurrence,Substitution,11.900560224089636,2.5925351436865913,0.05,0.1
P1b,within,biomass,Functional change,18.73500233426704,1.606055996102949,0.05,0.1
P1b,within,biomass,Reorganisation,3.861111111111111,0.5392031824034234,0.05,0.1
P1b,within,biomass,Stability,69.45290616246498,2.4438272786900113,0.05,0.1
P1b,within,biomass,Substitution,7.950980392156863,0.8546150677622452,0.05,0.1
P1b,within,occurrence,Functional change,9.978524743230626,0.37377704641188175,0.05,0.1
P1b,within,occurrence,Reorganisation,6.933006535947712,0.32545774141590095,0.05,0.1
P1b,within,occurrence,Stability,69.7640056022409,1.922397264128682,0.05,0.1
P1b,within,occurrence,Substitution,13.324463118580766,1.982650020908421,0.05,0.1
P2,within,biomass,Functional change,17.660416666666666,2.621362418692745,0.05,0.1
P2,within,biomass,Reorganisation,3.20625,1.6705801591608282,0.05,0.1
P2,within,biomass,Stability,69.52291666666667,4.592057716609316,0.05,0.1
P2,within,biomass,Substitution,9.610416666666667,2.925020354231942,0.05,0.1
P2,within,occurrence,Functional change,7.250000000000001,2.9388287404816626,0.05,0.1
P2,within,occurrence,Reorganisation,5.404166666666667,2.654429915482138,0.05,0.1
P2,within,occurrence,Stability,77.95833333333333,3.2152375534713658,0.05,0.1
P2,within,occurrence,Substitution,9.3875,2.537046637279386,0.05,0.1
PTb,between,biomass,Functional change,18.262987012987015,1.334488235214588,0.05,0.1
PTb,between,biomass,Reorganisation,16.843344155844157,1.822144253717482,0.05,0.1
PTb,between,biomass,Stability,34.53896103896104,1.9478291992987256,0.05,0.1
PTb,between,biomass,Substitution,30.35470779220779,1.1659885681687994,0.05,0.1
PTb,between,occurrence,Functional change,3.251623376623377,0.4789968421495225,0.05,0.1
PTb,between,occurrence,Reorganisation,19.814123376623378,1.5839488772242105,0.05,0.1
PTb,between,occurrence,Stability,28.261363636363637,2.065137989933387,0.05,0.1
PTb,between,occurrence,Substitution,48.67288961038961,2.4175210580145174,0.05,0.1
PTa,between,biomass,Functional change,9.56488139175504,3.058607676623818,0.05,0.1
PTa,between,biomass,Reorganisation,24.09572298721782,4.082941155596201,0.05,0.1
PTa,between,biomass,Stability,24.627596131889607,2.383870574663497,0.05,0.1
PTa,between,biomass,Substitution,41.71179948913753,1.9134917027225427,0.05,0.1
PTa,between,occurrence,Functional change,5.010900965965514,1.5549866120879028,0.05,0.1
PTa,between,occurrence,Reorganisation,24.1079396098965,1.6836245977849265,0.05,0.1
PTa,between,occurrence,Stability,16.946651514266446,2.855119793849839,0.05,0.1
PTa,between,occurrence,Substitution,53.93450790987154,2.5890489639665963,0.05,0.1
P1a,within,biomass,Functional change,20.20124299719888,1.188918762905423,0.05,0.15
P1a,within,biomass,Reorganisation,4.640931372549019,1.249049999389285,0.05,0.15
P1a,within,biomass,Stability,65.8937324929972,1.9792795260095055,0.05,0.15
P1a,within,biomass,Substitution,9.264093137254902,0.751173429240657,0.05,0.15
P1a,within,occurrence,Functional change,8.841474089635854,0.9924691947509124,0.05,0.15
P1a,within,occurrence,Reorganisation,8.569546568627452,0.3675772931346145,0.05,0.15
P1a,within,occurrence,Stability,70.68841911764706,1.6324580085974651,0.05,0.15
P1a,within,occurrence,Substitution,11.900560224089636,2.5925351436865913,0.05,0.15
P1b,within,biomass,Functional change,18.73500233426704,1.606055996102949,0.05,0.15
P1b,within,biomass,Reorganisation,3.861111111111111,0.5392031824034234,0.05,0.15
P1b,within,biomass,Stability,69.45290616246498,2.4438272786900113,0.05,0.15
P1b,within,biomass,Substitution,7.950980392156863,0.8546150677622452,0.05,0.15
P1b,within,occurrence,Functional change,9.978524743230626,0.37377704641188175,0.05,0.15
P1b,within,occurrence,Reorganisation,6.933006535947712,0.32545774141590095,0.05,0.15
P1b,within,occurrence,Stability,69.7640056022409,1.922397264128682,0.05,0.15
P1b,within,occurrence,Substitution,13.324463118580766,1.982650020908421,0.05,0.15
P2,within,biomass,Functional change,17.660416666666666,2.621362418692745,0.05,0.15
P2,within,biomass,Reorganisation,3.20625,1.6705801591608282,0.05,0.15
P2,within,biomass,Stability,69.52291666666667,4.592057716609316,0.05,0.15
P2,within,biomass,Substitution,9.610416666666667,2.925020354231942,0.05,0.15
P2,within,occurrence,Functional change,7.250000000000001,2.9388287404816626,0.05,0.15
P2,within,occurrence,Reorganisation,5.404166666666667,2.654429915482138,0.05,0.15
P2,within,occurrence,Stability,77.95833333333333,3.2152375534713658,0.05,0.15
P2,within,occurrence,Substitution,9.3875,2.537046637279386,0.05,0.15
PTb,between,biomass,Functional change,18.262987012987015,1.334488235214588,0.05,0.15
PTb,between,biomass,Reorganisation,16.843344155844157,1.822144253717482,0.05,0.15
PTb,between,biomass,Stability,34.53896103896104,1.9478291992987256,0.05,0.15
PTb,between,biomass,Substitution,30.35470779220779,1.1659885681687994,0.05,0.15
PTb,between,occurrence,Functional change,3.251623376623377,0.4789968421495225,0.05,0.15
PTb,between,occurrence,Reorganisation,19.814123376623378,1.5839488772242105,0.05,0.15
PTb,between,occurrence,Stability,28.261363636363637,2.065137989933387,0.05,0.15
PTb,between,occurrence,Substitution,48.67288961038961,2.4175210580145174,0.05,0.15
PTa,between,biomass,Functional change,9.56488139175504,3.058607676623818,0.05,0.15
PTa,between,biomass,Reorganisation,24.09572298721782,4.082941155596201,0.05,0.15
PTa,between,biomass,Stability,24.627596131889607,2.383870574663497,0.05,0.15
PTa,between,biomass,Substitution,41.71179948913753,1.9134917027225427,0.05,0.15
PTa,between,occurrence,Functional change,5.010900965965514,1.5549866120879028,0.05,0.15
PTa,between,occurrence,Reorganisation,24.1079396098965,1.6836245977849265,0.05,0.15
PTa,between,occurrence,Stability,16.946651514266446,2.855119793849839,0.05,0.15
PTa,between,occurrence,Substitution,53.93450790987154,2.5890489639665963,0.05,0.15
P1a,within,biomass,Functional change,20.20124299719888,1.188918762905423,0.05,0.2
P1a,within,biomass,Reorganisation,4.640931372549019,1.249049999389285,0.05,0.2
P1a,within,biomass,Stability,65.8937324929972,1.9792795260095055,0.05,0.2
P1a,within,biomass,Substitution,9.264093137254902,0.751173429240657,0.05,0.2
P1a,within,occurrence,Functional change,8.841474089635854,0.9924691947509124,0.05,0.2
P1a,within,occurrence,Reorganisation,8.569546568627452,0.3675772931346145,0.05,0.2
P1a,within,occurrence,Stability,70.68841911764706,1.6324580085974651,0.05,0.2
P1a,within,occurrence,Substitution,11.900560224089636,2.5925351436865913,0.05,0.2
P1b,within,biomass,Functional change,18.73500233426704,1.606055996102949,0.05,0.2
P1b,within,biomass,Reorganisation,3.861111111111111,0.5392031824034234,0.05,0.2
P1b,within,biomass,Stability,69.45290616246498,2.4438272786900113,0.05,0.2
P1b,within,biomass,Substitution,7.950980392156863,0.8546150677622452,0.05,0.2
P1b,within,occurrence,Functional change,9.978524743230626,0.37377704641188175,0.05,0.2
P1b,within,occurrence,Reorganisation,6.933006535947712,0.32545774141590095,0.05,0.2
P1b,within,occurrence,Stability,69.7640056022409,1.922397264128682,0.05,0.2
P1b,within,occurrence,Substitution,13.324463118580766,1.982650020908421,0.05,0.2
P2,within,biomass,Functional change,17.660416666666666,2.621362418692745,0.05,0.2
P2,within,biomass,Reorganisation,3.20625,1.6705801591608282,0.05,0.2
P2,within,biomass,Stability,69.52291666666667,4.592057716609316,0.05,0.2
P2,within,biomass,Substitution,9.610416666666667,2.925020354231942,0.05,0.2
P2,within,occurrence,Functional change,7.250000000000001,2.9388287404816626,0.05,0.2
P2,within,occurrence,Reorganisation,5.404166666666667,2.654429915482138,0.05,0.2
P2,within,occurrence,Stability,77.95833333333333,3.2152375534713658,0.05,0.2
P2,within,occurrence,Substitution,9.3875,2.537046637279386,0.05,0.2
PTb,between,biomass,Functional change,18.262987012987015,1.334488235214588,0.05,0.2
PTb,between,biomass,Reorganisation,16.843344155844157,1.822144253717482,0.05,0.2
PTb,between,biomass,Stability,34.53896103896104,1.9478291992987256,0.05,0.2
PTb,between,biomass,Substitution,30.35470779220779,1.1659885681687994,0.05,0.2
PTb,between,occurrence,Functional change,3.251623376623377,0.4789968421495225,0.05,0.2
PTb,between,occurrence,Reorganisation,19.814123376623378,1.5839488772242105,0.05,0.2
PTb,between,occurrence,Stability,28.261363636363637,2.065137989933387,0.05,0.2
PTb,between,occurrence,Substitution,48.67288961038961,2.4175210580145174,0.05,0.2
PTa,between,biomass,Functional change,9.56488139175504,3.058607676623818,0.05,0.2
PTa,between,biomass,Reorganisation,24.09572298721782,4.082941155596201,0.05,0.2
PTa,between,biomass,Stability,24.627596131889607,2.383870574663497,0.05,0.2
PTa,between,biomass,Substitution,41.71179948913753,1.9134917027225427,0.05,0.2
PTa,between,occurrence,Functional change,5.010900965965514,1.5549866120879028,0.05,0.2
PTa,between,occurrence,Reorganisation,24.1079396098965,1.6836245977849265,0.05,0.2
PTa,between,occurrence,Stability,16.946651514266446,2.855119793849839,0.05,0.2
PTa,between,occurrence,Substitution,53.93450790987154,2.5890489639665963,0.05,0.2
P1a,within,biomass,Functional change,19.84952731092437,2.2751298951227756,0.075,0.1
P1a,within,biomass,Reorganisation,7.53155637254902,0.7858632352524764,0.075,0.1
P1a,within,biomass,Stability,60.13528536414566,3.6759236271285527,0.075,0.1
P1a,within,biomass,Substitution,12.483630952380953,1.9366784399144916,0.075,0.1
P1a,within,occurrence,Functional change,12.282387955182074,2.0820368343823583,0.075,0.1
P1a,within,occurrence,Reorganisation,10.204963235294118,0.36906516520803395,0.075,0.1
P1a,within,occurrence,Stability,63.625919117647065,1.278911487717376,0.075,0.1
P1a,within,occurrence,Substitution,13.886729691876752,2.2563881596411113,0.075,0.1
P1b,within,biomass,Functional change,20.255193744164334,2.279687076794672,0.075,0.1
P1b,within,biomass,Reorganisation,5.1420401493930905,1.2731602106592395,0.075,0.1
P1b,within,biomass,Stability,63.13060224089636,3.2713596967459,0.075,0.1
P1b,within,biomass,Substitution,11.472163865546218,1.663733772690824,0.075,0.1
P1b,within,occurrence,Functional change,13.00951213818861,1.461209446373403,0.075,0.1
P1b,within,occurrence,Reorganisation,8.061683006535947,0.48814155259276093,0.075,0.1
P1b,within,occurrence,Stability,63.337418300653596,1.560520094103362,0.075,0.1
P1b,within,occurrence,Substitution,15.591386554621849,1.9440746231017614,0.075,0.1
P2,within,biomass,Functional change,16.285416666666666,2.9767817323954455,0.075,0.1
P2,within,biomass,Reorganisation,7.325,1.765712292246361,0.075,0.1
P2,within,biomass,Stability,63.979166666666664,3.8402783485852687,0.075,0.1
P2,within,biomass,Substitution,12.410416666666666,1.8814784730068874,0.075,0.1
P2,within,occurrence,Functional change,11.03125,1.6988101463376253,0.075,0.1
P2,within,occurrence,Reorganisation,6.479166666666667,2.3301783925677615,0.075,0.1
P2,within,occurrence,Stability,61.927083333333336,5.464000563092876,0.075,0.1
P2,within,occurrence,Substitution,20.5625,5.246075372903235,0.075,0.1
PTb,between,biomass,Functional change,16.49025974025974,1.4129547988906397,0.075,0.1
PTb,between,biomass,Reorganisation,21.698051948051948,2.874498769596024,0.075,0.1
PTb,between,biomass,Stability,29.275974025974026,2.7216878719217137,0.075,0.1
PTb,between,biomass,Substitution,32.535714285714285,2.20699749762333,0.075,0.1
PTb,between,occurrence,Functional change,3.4780844155844157,0.7818174593092918,0.075,0.1
PTb,between,occurrence,Reorganisation,21.854707792207794,0.8557793157390605,0.075,0.1
PTb,between,occurrence,Stability,26.06737012987013,2.281534973949891,0.075,0.1
PTb,between,occurrence,Substitution,48.59983766233766,2.9568162775402325,0.075,0.1
PTa,between,biomass,Functional change,8.5355997323548,2.672228914989299,0.075,0.1
PTa,between,biomass,Reorganisation,28.804827437881354,4.4450445075451475,0.075,0.1
PTa,between,biomass,Stability,20.48656861860028,1.7792198260978356,0.075,0.1
PTa,between,biomass,Substitution,42.173004211163565,1.5902368980829595,0.075,0.1
PTa,between,occurrence,Functional change,4.953981222352622,2.185963706022166,0.075,0.1
PTa,between,occurrence,Reorganisation,26.233487247024836,2.078902581651257,0.075,0.1
PTa,between,occurrence,Stability,14.48942031448311,1.9496805503236416,0.075,0.1
PTa,between,occurrence,Substitution,54.32311121613943,1.9432896340041188,0.075,0.1
P1a,within,biomass,Functional change,19.84952731092437,2.2751298951227756,0.075,0.15
P1a,within,biomass,Reorganisation,7.53155637254902,0.7858632352524764,0.075,0.15
P1a,within,biomass,Stability,60.13528536414566,3.6759236271285527,0.075,0.15
P1a,within,biomass,Substitution,12.483630952380953,1.9366784399144916,0.075,0.15
P1a,within,occurrence,Functional change,12.282387955182074,2.0820368343823583,0.075,0.15
P1a,within,occurrence,Reorganisation,10.204963235294118,0.36906516520803395,0.075,0.15
P1a,within,occurrence,Stability,63.625919117647065,1.278911487717376,0.075,0.15
P1a,within,occurrence,Substitution,13.886729691876752,2.2563881596411113,0.075,0.15
P1b,within,biomass,Functional change,20.255193744164334,2.279687076794672,0.075,0.15
P1b,within,biomass,Reorganisation,5.1420401493930905,1.2731602106592395,0.075,0.15
P1b,within,biomass,Stability,63.13060224089636,3.2713596967459,0.075,0.15
P1b,within,biomass,Substitution,11.472163865546218,1.663733772690824,0.075,0.15
P1b,within,occurrence,Functional change,13.00951213818861,1.461209446373403,0.075,0.15
P1b,within,occurrence,Reorganisation,8.061683006535947,0.48814155259276093,0.075,0.15
P1b,within,occurrence,Stability,63.337418300653596,1.560520094103362,0.075,0.15
P1b,within,occurrence,Substitution,15.591386554621849,1.9440746231017614,0.075,0.15
P2,within,biomass,Functional change,16.285416666666666,2.9767817323954455,0.075,0.15
P2,within,biomass,Reorganisation,7.325,1.765712292246361,0.075,0.15
P2,within,biomass,Stability,63.979166666666664,3.8402783485852687,0.075,0.15
P2,within,biomass,Substitution,12.410416666666666,1.8814784730068874,0.075,0.15
P2,within,occurrence,Functional change,11.03125,1.6988101463376253,0.075,0.15
P2,within,occurrence,Reorganisation,6.479166666666667,2.3301783925677615,0.075,0.15
P2,within,occurrence,Stability,61.927083333333336,5.464000563092876,0.075,0.15
P2,within,occurrence,Substitution,20.5625,5.246075372903235,0.075,0.15
PTb,between,biomass,Functional change,16.49025974025974,1.4129547988906397,0.075,0.15
PTb,between,biomass,Reorganisation,21.698051948051948,2.874498769596024,0.075,0.15
PTb,between,biomass,Stability,29.275974025974026,2.7216878719217137,0.075,0.15
PTb,between,biomass,Substitution,32.535714285714285,2.20699749762333,0.075,0.15
PTb,between,occurrence,Functional change,3.4780844155844157,0.7818174593092918,0.075,0.15
PTb,between,occurrence,Reorganisation,21.854707792207794,0.8557793157390605,0.075,0.15
PTb,between,occurrence,Stability,26.06737012987013,2.281534973949891,0.075,0.15
PTb,between,occurrence,Substitution,48.59983766233766,2.9568162775402325,0.075,0.15
PTa,between,biomass,Functional change,8.5355997323548,2.672228914989299,0.075,0.15
PTa,between,biomass,Reorganisation,28.804827437881354,4.4450445075451475,0.075,0.15
PTa,between,biomass,Stability,20.48656861860028,1.7792198260978356,0.075,0.15
PTa,between,biomass,Substitution,42.173004211163565,1.5902368980829595,0.075,0.15
PTa,between,occurrence,Functional change,4.953981222352622,2.185963706022166,0.075,0.15
PTa,between,occurrence,Reorganisation,26.233487247024836,2.078902581651257,0.075,0.15
PTa,between,occurrence,Stability,14.48942031448311,1.9496805503236416,0.075,0.15
PTa,between,occurrence,Substitution,54.32311121613943,1.9432896340041188,0.075,0.15
P1a,within,biomass,Functional change,19.84952731092437,2.2751298951227756,0.075,0.2
P1a,within,biomass,Reorganisation,7.53155637254902,0.7858632352524764,0.075,0.2
P1a,within,biomass,Stability,60.13528536414566,3.6759236271285527,0.075,0.2
P1a,within,biomass,Substitution,12.483630952380953,1.9366784399144916,0.075,0.2
P1a,within,occurrence,Functional change,12.282387955182074,2.0820368343823583,0.075,0.2
P1a,within,occurrence,Reorganisation,10.204963235294118,0.36906516520803395,0.075,0.2
P1a,within,occurrence,Stability,63.625919117647065,1.278911487717376,0.075,0.2
P1a,within,occurrence,Substitution,13.886729691876752,2.2563881596411113,0.075,0.2
P1b,within,biomass,Functional change,20.255193744164334,2.279687076794672,0.075,0.2
P1b,within,biomass,Reorganisation,5.1420401493930905,1.2731602106592395,0.075,0.2
P1b,within,biomass,Stability,63.13060224089636,3.2713596967459,0.075,0.2
P1b,within,biomass,Substitution,11.472163865546218,1.663733772690824,0.075,0.2
P1b,within,occurrence,Functional change,13.00951213818861,1.461209446373403,0.075,0.2
P1b,within,occurrence,Reorganisation,8.061683006535947,0.48814155259276093,0.075,0.2
P1b,within,occurrence,Stability,63.337418300653596,1.560520094103362,0.075,0.2
P1b,within,occurrence,Substitution,15.591386554621849,1.9440746231017614,0.075,0.2
P2,within,biomass,Functional change,16.285416666666666,2.9767817323954455,0.075,0.2
P2,within,biomass,Reorganisation,7.325,1.765712292246361,0.075,0.2
P2,within,biomass,Stability,63.979166666666664,3.8402783485852687,0.075,0.2
P2,within,biomass,Substitution,12.410416666666666,1.8814784730068874,0.075,0.2
P2,within,occurrence,Functional change,11.03125,1.6988101463376253,0.075,0.2
P2,within,occurrence,Reorganisation,6.479166666666667,2.3301783925677615,0.075,0.2
P2,within,occurrence,Stability,61.927083333333336,5.464000563092876,0.075,0.2
P2,within,occurrence,Substitution,20.5625,5.246075372903235,0.075,0.2
PTb,between,biomass,Functional change,16.49025974025974,1.4129547988906397,0.075,0.2
PTb,between,biomass,Reorganisation,21.698051948051948,2.874498769596024,0.075,0.2
PTb,between,biomass,Stability,29.275974025974026,2.7216878719217137,0.075,0.2
PTb,between,biomass,Substitution,32.535714285714285,2.20699749762333,0.075,0.2
PTb,between,occurrence,Functional change,3.4780844155844157,0.7818174593092918,0.075,0.2
PTb,between,occurrence,Reorganisation,21.854707792207794,0.8557793157390605,0.075,0.2
PTb,between,occurrence,Stability,26.06737012987013,2.281534973949891,0.075,0.2
PTb,between,occurrence,Substitution,48.59983766233766,2.9568162775402325,0.075,0.2
PTa,between,biomass,Functional change,8.5355997323548,2.672228914989299,0.075,0.2
PTa,between,biomass,Reorganisation,28.804827437881354,4.4450445075451475,0.075,0.2
PTa,between,biomass,Stability,20.48656861860028,1.7792198260978356,0.075,0.2
PTa,between,biomass,Substitution,42.173004211163565,1.5902368980829595,0.075,0.2
PTa,between,occurrence,Functional change,4.953981222352622,2.185963706022166,0.075,0.2
PTa,between,occurrence,Reorganisation,26.233487247024836,2.078902581651257,0.075,0.2
PTa,between,occurrence,Stability,14.48942031448311,1.9496805503236416,0.075,0.2
PTa,between,occurrence,Substitution,54.32311121613943,1.9432896340041188,0.075,0.2
P1a,within,biomass,Functional change,20.25752801120448,2.7819476017580422,0.1,0.15
P1a,within,biomass,Reorganisation,10.657037815126051,0.987676589427896,0.1,0.15
P1a,within,biomass,Stability,52.683648459383754,3.075893307819335,0.1,0.15
P1a,within,biomass,Substitution,16.401785714285715,1.0473587010885828,0.1,0.15
P1a,within,occurrence,Functional change,13.460959383753503,2.9449000436205224,0.1,0.15
P1a,within,occurrence,Reorganisation,12.02936799719888,0.7138295419600275,0.1,0.15
P1a,within,occurrence,Stability,59.587316176470594,2.696960146410861,0.1,0.15
P1a,within,occurrence,Substitution,14.922356442577032,1.17232540166402,0.1,0.15
P1b,within,biomass,Functional change,21.370973389355743,2.3290108864816528,0.1,0.15
P1b,within,biomass,Reorganisation,9.485877684407097,1.631760931997339,0.1,0.15
P1b,within,biomass,Stability,51.95483193277311,3.117405775567157,0.1,0.15
P1b,within,biomass,Substitution,17.188316993464053,1.303976686163677,0.1,0.15
P1b,within,occurrence,Functional change,16.35638422035481,1.1985019466485014,0.1,0.15
P1b,within,occurrence,Reorganisation,12.069502801120448,0.8339641546642245,0.1,0.15
P1b,within,occurrence,Stability,56.00700280112045,1.2622973776201463,0.1,0.15
P1b,within,occurrence,Substitution,15.567110177404295,1.2249641095806334,0.1,0.15
P2,within,biomass,Functional change,16.43541666666667,1.5101412584160365,0.1,0.15
P2,within,biomass,Reorganisation,12.758333333333335,1.0758776074733716,0.1,0.15
P2,within,biomass,Stability,58.764583333333334,1.3702201764426096,0.1,0.15
P2,within,biomass,Substitution,12.041666666666666,0.9401267913629436,0.1,0.15
P2,within,occurrence,Functional change,15.522916666666667,2.254830011871287,0.1,0.15
P2,within,occurrence,Reorganisation,8.322916666666668,1.8975160882043631,0.1,0.15
P2,within,occurrence,Stability,53.104166666666664,2.207475533799465,0.1,0.15
P2,within,occurrence,Substitution,23.05,1.2435016269777441,0.1,0.15
PTb,between,biomass,Functional change,16.42857142857143,2.482350587164457,0.1,0.15
PTb,between,biomass,Reorganisation,26.810876623376625,3.0018768968505913,0.1,0.15
PTb,between,biomass,Stability,25.5762987012987,2.354178806638271,0.1,0.15
PTb,between,biomass,Substitution,31.184253246753247,1.8640718171230888,0.1,0.15
PTb,between,occurrence,Functional change,4.555194805194805,1.3714419939098839,0.1,0.15
PTb,between,occurrence,Reorganisation,23.29383116883117,1.5648040476023504,0.1,0.15
PTb,between,occurrence,Stability,18.898538961038962,2.624117922935066,0.1,0.15
PTb,between,occurrence,Substitution,53.252435064935064,2.273613017511114,0.1,0.15
PTa,between,biomass,Functional change,8.61623448693371,2.0740457955632765,0.1,0.15
PTa,between,biomass,Reorganisation,32.94913148070459,5.8737477993730005,0.1,0.15
PTa,between,biomass,Stability,17.31357502827799,1.9115700880852755,0.1,0.15
PTa,between,biomass,Substitution,41.12105900408372,2.952996064838377,0.1,0.15
PTa,between,occurrence,Functional change,5.063622822063736,3.053351395272539,0.1,0.15
PTa,between,occurrence,Reorganisation,29.588605695957177,3.2873444244678525,0.1,0.15
PTa,between,occurrence,Stability,12.324576892235635,1.63908398077352,0.1,0.15
PTa,between,occurrence,Substitution,53.023194589743454,1.3173217521872982,0.1,0.15
P1a,within,biomass,Functional change,20.25752801120448,2.7819476017580422,0.1,0.2
P1a,within,biomass,Reorganisation,10.657037815126051,0.987676589427896,0.1,0.2
P1a,within,biomass,Stability,52.683648459383754,3.075893307819335,0.1,0.2
P1a,within,biomass,Substitution,16.401785714285715,1.0473587010885828,0.1,0.2
P1a,within,occurrence,Functional change,13.460959383753503,2.9449000436205224,0.1,0.2
P1a,within,occurrence,Reorganisation,12.02936799719888,0.7138295419600275,0.1,0.2
P1a,within,occurrence,Stability,59.587316176470594,2.696960146410861,0.1,0.2
P1a,within,occurrence,Substitution,14.922356442577032,1.17232540166402,0.1,0.2
P1b,within,biomass,Functional change,21.370973389355743,2.3290108864816528,0.1,0.2
P1b,within,biomass,Reorganisation,9.485877684407097,1.631760931997339,0.1,0.2
P1b,within,biomass,Stability,51.95483193277311,3.117405775567157,0.1,0.2
P1b,within,biomass,Substitution,17.188316993464053,1.303976686163677,0.1,0.2
P1b,within,occurrence,Functional change,16.35638422035481,1.1985019466485014,0.1,0.2
P1b,within,occurrence,Reorganisation,12.069502801120448,0.8339641546642245,0.1,0.2
P1b,within,occurrence,Stability,56.00700280112045,1.2622973776201463,0.1,0.2
P1b,within,occurrence,Substitution,15.567110177404295,1.2249641095806334,0.1,0.2
P2,within,biomass,Functional change,16.43541666666667,1.5101412584160365,0.1,0.2
P2,within,biomass,Reorganisation,12.758333333333335,1.0758776074733716,0.1,0.2
P2,within,biomass,Stability,58.764583333333334,1.3702201764426096,0.1,0.2
P2,within,biomass,Substitution,12.041666666666666,0.9401267913629436,0.1,0.2
P2,within,occurrence,Functional change,15.522916666666667,2.254830011871287,0.1,0.2
P2,within,occurrence,Reorganisation,8.322916666666668,1.8975160882043631,0.1,0.2
P2,within,occurrence,Stability,53.104166666666664,2.207475533799465,0.1,0.2
P2,within,occurrence,Substitution,23.05,1.2435016269777441,0.1,0.2
PTb,between,biomass,Functional change,16.42857142857143,2.482350587164457,0.1,0.2
PTb,between,biomass,Reorganisation,26.810876623376625,3.0018768968505913,0.1,0.2
PTb,between,biomass,Stability,25.5762987012987,2.354178806638271,0.1,0.2
PTb,between,biomass,Substitution,31.184253246753247,1.8640718171230888,0.1,0.2
PTb,between,occurrence,Functional change,4.555194805194805,1.3714419939098839,0.1,0.2
PTb,between,occurrence,Reorganisation,23.29383116883117,1.5648040476023504,0.1,0.2
PTb,between,occurrence,Stability,18.898538961038962,2.624117922935066,0.1,0.2
PTb,between,occurrence,Substitution,53.252435064935064,2.273613017511114,0.1,0.2
PTa,between,biomass,Functional change,8.61623448693371,2.0740457955632765,0.1,0.2
PTa,between,biomass,Reorganisation,32.94913148070459,5.8737477993730005,0.1,0.2
PTa,between,biomass,Stability,17.31357502827799,1.9115700880852755,0.1,0.2
PTa,between,biomass,Substitution,41.12105900408372,2.952996064838377,0.1,0.2
PTa,between,occurrence,Functional change,5.063622822063736,3.053351395272539,0.1,0.2
PTa,between,occurrence,Reorganisation,29.588605695957177,3.2873444244678525,0.1,0.2
PTa,between,occurrence,Stability,12.324576892235635,1.63908398077352,0.1,0.2
PTa,between,occurrence,Substitution,53.023194589743454,1.3173217521872982,0.1,0.2
