contrast,contrast_type,mode,family,mean_pct,sd_pct,q025,q500,q975
P1a,within,biomass,Stability,79.94214743589744,4.541986779003548,72.87027243589745,80.85389957264957,85.78364049145299
P1a,within,biomass,Substitution,16.50630341880342,4.254635232183962,11.101442307692308,15.92147435897436,23.970833333333335
P1a,within,biomass,Functional change,17.273646723646724,4.351685071376114,12.181249999999999,17.76317663817664,23.279647435897438
P1a,within,biomass,Reorganisation,6.486324786324786,2.277810116135904,2.9102564102564106,6.615384615384615,9.245673076923076
P1b,within,biomass,Stability,83.79307826320021,5.677938416334426,75.08940972222223,84.47222222222223,90.91223323170733
P1b,within,biomass,Substitution,12.83452157598499,3.266247632907001,7.425000000000001,13.24577861163227,18.140625000000004
P1b,within,biomass,Functional change,16.01010235812065,3.8409193366064263,10.276354362101312,16.375,21.625868055555557
P1b,within,biomass,Reorganisation,5.740814571607254,2.3376270189406343,2.799161585365854,5.125,10.334134615384617
P2,within,biomass,Stability,79.19662049267312,2.4792286451927725,74.43359962406015,79.54166666666667,81.84733920951027
P2,within,biomass,Substitution,12.208700806069228,3.3982282858493855,7.808854907539119,11,17.517543859649123
P2,within,biomass,Functional change,20.49903926482874,4.120709902958311,15.990098980559509,19.726681568786834,28.920833333333338
P2,within,biomass,Reorganisation,5.778899952584164,2.540367780242004,3.293233082706767,4.962406015037594,10.752453769559033
PTb,between,biomass,Stability,56.78462301587302,7.0417180920549605,45.471875,56.26041666666667,67.27638888888889
PTb,between,biomass,Substitution,29.624007936507937,5.003943255879431,23.411805555555556,28.564484126984127,37.978125
PTb,between,biomass,Functional change,18.40866402116402,5.712612743938617,11.085532407407406,18.291666666666664,27.1515625
PTb,between,biomass,Reorganisation,19.9359126984127,2.990763125341838,16.493750000000002,20.270833333333336,25.48526785714286
PTa,between,biomass,Stability,61.87676322661079,7.077851094364951,51.98094561688311,62.71406794425087,70.82848557692307
PTa,between,biomass,Substitution,35.694226403677625,6.546863127932495,26.379851029165053,34.540133477633475,45.88106852497097
PTa,between,biomass,Functional change,16.311597588274417,5.924885709330695,7.295032981923226,19.09467350625887,23.20285218253968
PTa,between,biomass,Reorganisation,17.333108862682035,3.8587884138143056,13.638221153846153,16.14198606271777,23.431696428571428
P1a,within,occurrence,Stability,82.35881410256411,4.519287492501866,74.57478632478632,84.43349358974359,86.25866720085469
P1a,within,occurrence,Substitution,14.636823361823362,2.0369175696643342,12.085470085470085,14.596688034188034,18.407799145299144
P1a,within,occurrence,Functional change,10.722863247863248,1.6609905988108697,8.53525641025641,10.435897435897436,13.40349002849003
P1a,within,occurrence,Reorganisation,9.012250712250712,1.9841903471649243,5.519978632478633,8.865384615384617,11.87232905982906
P1b,within,occurrence,Stability,82.47815226778641,3.1534903420419687,76.25292467948718,82.92361111111111,85.98697735191638
P1b,within,occurrence,Substitution,16.80860433604336,3.566034669115716,12.255335365853659,16.4375,23.56875
P1b,within,occurrence,Functional change,12.046169480925577,3.614405074473376,8.04016768292683,11.590277777777779,19.01434294871795
P1b,within,occurrence,Reorganisation,8.198445829238512,2.1032631396219195,5.385535230352303,7.9780982905982905,11.2377068815331
P2,within,occurrence,Stability,83.56792318634425,3.3325114028776244,78.07806509517036,85.40883458646617,86.69331140350877
P2,within,occurrence,Substitution,11.50448079658606,2.9039096974203034,8.085633001422476,11.307017543859649,16.625266714082507
P2,within,occurrence,Functional change,10.513854079643554,2.665765530690552,6.206863442389758,10.396198830409357,14.62285443338075
P2,within,occurrence,Reorganisation,9.421081231607548,1.6126353720409974,7.019901950823003,9.432466300887352,11.681652046783626
PTb,between,occurrence,Stability,52.55109126984127,5.15532373903142,46.8859375,51.68055555555556,61.013020833333336
PTb,between,occurrence,Substitution,35.97592592592592,3.8060078531293926,28.784027777777776,36.31018518518518,40.09166666666667
PTb,between,occurrence,Functional change,12.594642857142857,6.521513685662905,3.521329365079365,12.069444444444445,21.965625
PTb,between,occurrence,Reorganisation,28.96911375661376,4.758374412429607,23.431250000000002,27.72916666666667,36.008630952380955
PTa,between,occurrence,Stability,57.82967021122509,3.9133460928395603,51.38169642857143,58.37473290598291,62.98950408923733
PTa,between,occurrence,Substitution,33.84381660570685,4.286111597941678,26.475892857142856,33.2404181184669,38.18617216117216
PTa,between,occurrence,Functional change,10.874885254763303,6.00540740553084,3.1727787456445995,10.414972899728998,20.958333333333332
PTa,between,occurrence,Reorganisation,23.96184654324898,4.627635032857176,17.563335591689253,23.53219696969697,31.046875000000004
