level,currency,contrast,Stability,Substitution,Functional change,Reorganisation
all_gulf,biomass,2004 vs 2006,54.111111111111114,21.72222222222222,15.62962962962963,8.537037037037038
all_gulf,biomass,2004-2005 vs 2006,48.27272727272727,24.18181818181818,20.254545454545454,7.290909090909091
all_gulf,biomass,2018 vs 2019,64.17647058823529,14.686274509803921,17.52941176470588,3.607843137254902
all_gulf,biomass,2006 vs 2018,15.192307692307693,47.38461538461539,4.903846153846153,32.51923076923077
all_gulf,biomass,2004-2006 vs 2018-2019,10.677966101694915,55.067796610169495,4.084745762711864,30.16949152542373
all_gulf,occurrence,2004 vs 2006,51.48148148148148,28.5,2.2592592592592595,17.75925925925926
all_gulf,occurrence,2004-2005 vs 2006,52.945454545454545,26.727272727272727,5.181818181818182,15.145454545454546
all_gulf,occurrence,2018 vs 2019,63.35294117647058,10.882352941176471,15.607843137254902,10.156862745098039
all_gulf,occurrence,2006 vs 2018,10.115384615384617,58.09615384615385,2.269230769230769,29.519230769230766
all_gulf,occurrence,2004-2006 vs 2018-2019,7.389830508474576,50.59322033898305,2.610169491525424,39.40677966101695
ecoregion,biomass,2004 vs 2006,65.8937324929972,9.264093137254902,20.201242997198882,4.64093137254902
stratum,biomass,2004 vs 2006,78.67595158464724,4.5299171842650106,14.346189679885333,2.4479415512024207
ecoregion,biomass,2004-2005 vs 2006,69.45290616246498,7.950980392156863,18.73500233426704,3.861111111111111
stratum,biomass,2004-2005 vs 2006,80.2586305782997,5.217815585830292,11.806022565397566,2.7175312704724472
ecoregion,biomass,2018 vs 2019,69.52291666666666,9.610416666666667,17.660416666666666,3.20625
stratum,biomass,2018 vs 2019,68.83552631578948,1.6201754385964913,28.375877192982458,1.168421052631579
ecoregion,biomass,2006 vs 2018,34.53896103896104,30.35470779220779,18.262987012987015,16.843344155844157
stratum,biomass,2006 vs 2018,56.02732683982684,20.09280303030303,11.604545454545455,12.275324675324676
ecoregion,biomass,2004-2006 vs 2018-2019,24.62759613188961,41.71179948913753,9.56488139175504,24.09572298721782
stratum,biomass,2004-2006 vs 2018-2019,37.44231648888512,41.057237349312516,7.209227289292649,14.291218872509722
ecoregion,occurrence,2004 vs 2006,70.68841911764706,11.900560224089636,8.841474089635854,8.569546568627452
stratum,occurrence,2004 vs 2006,77.82065350108829,7.537359983012157,11.700578648404736,2.941407867494824
ecoregion,occurrence,2004-2005 vs 2006,69.7640056022409,13.324463118580764,9.978524743230626,6.933006535947713
stratum,occurrence,2004-2005 vs 2006,77.65987396998426,7.7082483964836905,11.565011051040463,3.0668665824915826
ecoregion,occurrence,2018 vs 2019,77.95833333333333,9.3875,7.25,5.404166666666667
stratum,occurrence,2018 vs 2019,82.09298245614035,6.142543859649123,8.746929824561404,3.017543859649123
ecoregion,occurrence,2006 vs 2018,28.261363636363637,48.67288961038961,3.251623376623377,19.814123376623378
stratum,occurrence,2006 vs 2018,48.62061688311688,39.85075757575758,3.0681818181818183,8.460443722943724
ecoregion,occurrence,2004-2006 vs 2018-2019,16.946651514266446,53.93450790987154,5.010900965965514,24.1079396098965
stratum,occurrence,2004-2006 vs 2018-2019,24.813907029184808,59.18051981001327,4.7981191526943165,11.207454008107604
