"mode","x_threshold","beta_OS","beta_ST","bal_share"
"biomass",10,0.704854889218695,0.0490104146581143,0.97879754235968
"biomass",30,0.684097488555126,0.0214945163670927,0.964733111509122
"biomass",50,0.716783070694655,0.0394556445255876,0.973387695762794
"biomass",70,0.659476888729259,0.0584806737210602,0.941547802595887
"biomass",90,0.69040481576696,0.045342508982867,0.938351742364466
"biomass",110,0.705957688991912,0.0473102265782654,0.943430765594821
"biomass",130,0.707500506672077,0.0438912692293525,0.978316420938354
"biomass",150,0.597321951501071,0.0427794859092683,0.952016751836054
"biomass",170,0.64546412026044,0.0586515369080007,0.953032752415165
"biomass",190,0.673520231964067,0.0295843715034425,0.963231163236778
"biomass",210,0.58177910505794,0.0287707197293639,0.936747671414632
"biomass",230,0.638405312472023,0.0494912546500564,0.981853153521661
"biomass",250,0.719909557714127,0.0480817467533052,0.955301909202244
"biomass",270,0.593544999188743,0.0222964087873697,0.980580121318344
"biomass",290,0.621125877387822,0.042898019310087,0.952574948163237
"biomass",310,0.710082516442053,0.0207028756290674,0.951203802381642
"biomass",330,0.713665977013297,0.0326856569480151,0.936439737048931
"biomass",350,0.591423770738766,0.0573132574837655,0.92678817625856
"biomass",370,0.597205625935458,0.0209294089023024,0.953693018646445
"biomass",390,0.593869774150662,0.0322761917393655,0.953612839709967
"biomass",410,0.663170021735132,0.0569130181334913,0.936261465526186
"biomass",430,0.654426289317198,0.0391938514448702,0.980347421879414
"biomass",450,0.673169060167856,0.0544885824806988,0.983374786074273
"biomass",470,0.602458711676299,0.025831371480599,0.941019688325468
"biomass",490,0.591071924916469,0.0391603524051607,0.92549928406952
"biomass",510,0.608629126581363,0.0329739412106574,0.979612307867501
"biomass",530,0.718162055118009,0.021677327780053,0.966717510006856
"biomass",550,0.647951283659786,0.0465159747749567,0.98117665648926
"biomass",570,0.646444330210798,0.0515895508881658,0.969715825007297
"biomass",590,0.716975385579281,0.0277102589327842,0.988017497840337
"biomass",610,0.591421403205022,0.0456911400798708,0.965561699457467
"biomass",630,0.658055577762425,0.0260794575791806,0.943270769638475
"biomass",650,0.60774787065573,0.0406176551617682,0.941855116116349
"biomass",670,0.671955718584359,0.0385671165771782,0.921225865436718
"biomass",690,0.673807429238223,0.0530053445603698,0.928245368406642
"biomass",710,0.669843723652884,0.0385446283593774,0.972880403106101
"biomass",730,0.716503786691464,0.0261489707231522,0.985441880968865
"biomass",750,0.705688695311546,0.0445632438082248,0.931430250555277
"biomass",770,0.609974996694364,0.0247480745892972,0.928171302268747
"biomass",790,0.657807086887769,0.0385247800406069,0.939561766998377
"biomass",810,0.617856412446126,0.0265706530865282,0.951912939187605
"biomass",830,0.580701708095148,0.0499064580444246,0.984284511974547
"biomass",850,0.612392288381234,0.0328067094553262,0.964963574369904
"biomass",870,0.652843252769671,0.0340294490940869,0.974092718020547
"biomass",890,0.659163297391497,0.0581257442757487,0.958082166120876
"biomass",910,0.63353729407303,0.0330711856298149,0.976582793474663
"biomass",930,0.71859961845912,0.0583621561806649,0.940620776035357
"biomass",950,0.714550406350754,0.0259208512678742,0.967190116690472
"biomass",970,0.666745581454597,0.0544153165724128,0.980526125303004
"biomass",990,0.69192684601061,0.0563517316058278,0.93267181658186
"occurrence",10,0.667573501244187,0.0293354445323348,0.927110317733605
"occurrence",30,0.695379860531539,0.0523830171395093,0.962020195608493
"occurrence",50,0.602197978449985,0.042998855477199,0.979664695451502
"occurrence",70,0.685710451202467,0.0389192039892077,0.934357170211151
"occurrence",90,0.708358730189502,0.0336649334058166,0.926188087586779
"occurrence",110,0.657275308175012,0.02659587896429,0.957143330445979
"occurrence",130,0.69273869279772,0.0532980528380722,0.971685615004972
"occurrence",150,0.642199342632666,0.0505071336682886,0.959033460146748
"occurrence",170,0.592585212117992,0.029531024871394,0.937744990619831
"occurrence",190,0.692813077596948,0.0250209767185152,0.939849918463733
"occurrence",210,0.691047594170086,0.0252566680498421,0.978553480554838
"occurrence",230,0.656841559642926,0.05619458951056,0.93514203727711
"occurrence",250,0.716069228597917,0.0437823016103357,0.980057509236503
"occurrence",270,0.658778483257629,0.0240289883688092,0.921483634503093
"occurrence",290,0.59733042451553,0.0254097383469343,0.987144548981451
"occurrence",310,0.642204257240519,0.0498721193522215,0.972906364779919
"occurrence",330,0.606400561123155,0.0329204028658569,0.986845200282987
"occurrence",350,0.635631196531467,0.039587217727676,0.965854864998255
"occurrence",370,0.678791081509553,0.0390821019560099,0.978794868208934
"occurrence",390,0.6758595980471,0.0531882589682937,0.940065617209766
"occurrence",410,0.71780530013144,0.031858533360064,0.960472168421838
"occurrence",430,0.697830366371199,0.0512332494370639,0.924949885464739
"occurrence",450,0.587237764680758,0.025135108763352,0.985470521911047
"occurrence",470,0.595994782759808,0.038669062666595,0.945068141885567
"occurrence",490,0.634663092158735,0.0335480618290603,0.987086622000206
"occurrence",510,0.661722635268234,0.0223928340245038,0.950325655261986
"occurrence",530,0.662829996272921,0.0227772571519017,0.983718451596796
"occurrence",550,0.611611254606396,0.0537763598002493,0.941981810105499
"occurrence",570,0.648770046662539,0.0426676155161112,0.928504948767368
"occurrence",590,0.582081095930189,0.0215845795720816,0.985879084430635
"occurrence",610,0.599035637043416,0.0211796474270523,0.983083313861862
"occurrence",630,0.627302391449921,0.048825322445482,0.93920634311391
"occurrence",650,0.641743948794901,0.056377898491919,0.966530273281969
"occurrence",670,0.584348953478038,0.0302897086087614,0.96025786209153
"occurrence",690,0.650320122721605,0.0361938501428813,0.968162401749287
"occurrence",710,0.587452190672047,0.0558685469999909,0.968024083368946
"occurrence",730,0.603187205903232,0.0412953097932041,0.957570155819412
"occurrence",750,0.617051805946976,0.055342674292624,0.976166117168032
"occurrence",770,0.630155546842143,0.0400143695063889,0.98901176156709
"occurrence",790,0.713197542084381,0.0570942641235888,0.971564976428635
"occurrence",810,0.654241702035069,0.0370123830158263,0.976926318947226
"occurrence",830,0.616874459017999,0.0451456428878009,0.943477987106889
"occurrence",850,0.627629696275108,0.058803334524855,0.986190127471928
"occurrence",870,0.602066666642204,0.0507810476701707,0.974220972622279
"occurrence",890,0.716310592261143,0.0536224542558193,0.962365158202592
"occurrence",910,0.702942420188338,0.0315732961986214,0.981814509478863
"occurrence",930,0.582675917758606,0.0337121747341007,0.977469261481892
"occurrence",950,0.603700102171861,0.0355047594662756,0.989194197363686
"occurrence",970,0.628444670676254,0.0205059026926756,0.96186800126452
"occurrence",990,0.660838197781704,0.0494192033912986,0.962916202561464
