code,latin_name,Predator,lmat,lmax,Information source
10,Gadus morhua,Atlantic cod,37,101,DFO CSAS
12,Urophycis tenuis,White hake,36,75,DFO CSAS
23,Sebastes,Redfish unidentified,19,48,Lehoux et al. 2024
31,Reinhardtius hippoglossoides,Greenland halibut,40,73,DFO CSAS
40,Hippoglossoides platessoides,American plaice,30,54,DFO CSAS
41,Glyptocephalus cynoglossus,Witch flounder,30,52,DFO CSAS
42,Myzopsetta ferruginea,Yellowtail flounder,25,36,DFO CSAS
43,Pseudopleuronectes americanus,Winter flounder,25,47,DFO CSAS
60,Clupea harengus,Atlantic herring,26,36,DFO CSAS/Beaudry-Sylvestre et al. 2022
62,Alosa pseudoharengus,Alewife,22,29,DFO CSAS
63,Osmerus mordax,Rainbow smelt,11,25,DFO CSAS
64,Mallotus villosus,Capelin,14.6,18,Fishbase
70,Scomber scombrus,Atlantic mackerel,26.5,340,DFO CSAS
114,Enchelyopus cimbrius,Fourbeard rockling,25,30,Fishbase
118,Gadus macrocephalus,Greenland cod,46,58,Fishbase
143,Scophthalmus aquosus,Windowpane flounder,22,64,Fishbase
201,Amblyraja radiata,Thorny skate,53,56,Templemen 1987
202,Malacoraja senta,Smooth skate,54,68,NOAA/Gulf of maine
300,Myoxocephalus octodecemspinosus,Longhorn sculpin,23.5,37,DFO CSAS
301,Myoxocephalus scorpius,Shorthorn sculpin,16.25,44,Fishbase
302,Gymnocanthus tricuspis,Arctic staghorn sculpin,6.5,27,Fishbase
304,Triglops murrayi,Moustache sculpin,Unknown,17,
306,Artediellus uncinatus,Arctic hookear sculpin,Unknown,12,
314,Icelus spatula,Spatulate sculpin,Unknown,14,
320,Hemitripterus americanus,Sea raven,Unknown,51,
340,Aspidophoroides monopterygius,Alligatorfish,10.4,19,Fishbase
341,Aspidophoroides olrikii,Arctic alligatorfish,Unknown,9,
350,Leptagonus decagonus,Atlantic poacher,Unknown,24,
361,Gasterosteus aculeatus,Three-spined stickleback,5,8,Fishbase
410,Nezumia bairdii,Marlin-spike grenadier,Unknown,33,
502,Eumicrotremus spinosus,Atlantic spiny lumpsucker,Unknown,10,
512,Liparis gibbus,Dusky snailfish,Unknown,32,
610,Ammodytes dubius,Northern sand lance,Unknown,24,
620,Lycodes lavalaei,Laval's eelpout,Unknown,68,
622,Lumpenus lampretaeformis,Snakeblenny,20,43,Fishbase
623,Leptoclinus maculatus,Daubed shanny,13,18,Fishbase
626,Eumesogrammus praecisus,Fourline snakeblenny,Unknown,24,
632,Anisarchus medius,Stout eelblenny,Unknown,31,
647,Lycodes vahlii,Vahl's eelpout,Unknown,46,
880,Artediellus atlanticus,Atlantic hookear sculpin,Unknown,9,
