species,size_class,x_threshold,p_H_per_predator,p_H_pooled_1,p_H_pooled_2,p_Bs_per_predator,p_Bs_pooled_1,p_Bs_pooled_2
,adult,10,194,156,198,194,156,198
,adult,20,194,156,198,194,156,198
,adult,30,194,156,198,194,156,198
,adult,40,194,156,198,194,156,198
,adult,50,194,156,198,194,156,198
,adult,60,194,156,198,194,156,198
,adult,70,194,156,198,194,156,198
,adult,80,194,156,198,194,156,198
,adult,90,194,156,198,194,156,198
,adult,100,194,156,198,194,156,198
,adult,110,194,156,198,194,156,198
,adult,120,194,156,198,194,156,198
,adult,130,194,156,198,194,156,198
,adult,140,194,156,198,194,156,198
,adult,150,194,156,198,194,156,198
,adult,160,194,156,198,194,156,198
,adult,170,194,156,198,194,156,198
,adult,180,194,156,198,194,156,198
,adult,190,194,156,198,194,156,198
,adult,200,194,156,198,194,156,198
,adult,210,194,156,198,194,156,198
,adult,220,194,156,198,194,156,198
,adult,230,194,156,198,194,156,198
,adult,240,194,156,198,194,156,198
,adult,250,194,156,198,194,156,198
,juvenile,10,196,160,206,196,160,206
,juvenile,20,196,160,206,196,160,206
,juvenile,30,196,160,206,196,160,206
,juvenile,40,196,160,206,196,160,206
,juvenile,50,196,160,206,196,160,206
,juvenile,60,196,160,206,196,160,206
,juvenile,70,196,160,206,196,160,206
,juvenile,80,196,160,206,196,160,206
,juvenile,90,196,160,206,196,160,206
,juvenile,100,196,160,206,196,160,206
,juvenile,110,196,160,206,196,160,206
,juvenile,120,196,160,206,196,160,206
,juvenile,130,196,160,206,196,160,206
,juvenile,140,196,160,206,196,160,206
,juvenile,150,196,160,206,196,160,206
,juvenile,160,196,160,206,196,160,206
,juvenile,170,196,160,206,196,160,206
,juvenile,180,196,160,206,196,160,206
,juvenile,190,196,160,206,196,160,206
,juvenile,200,196,160,206,196,160,206
,juvenile,210,196,160,206,196,160,206
,juvenile,220,196,160,206,196,160,206
,juvenile,230,196,160,206,196,160,206
,juvenile,240,196,160,206,196,160,206
,juvenile,250,196,160,206,196,160,206
,one_class,10,138,108,138,138,108,138
,one_class,20,138,108,138,138,108,138
,one_class,30,138,108,138,138,108,138
,one_class,40,138,108,138,138,108,138
,one_class,50,138,108,138,138,108,138
,one_class,60,138,108,138,138,108,138
,one_class,70,138,108,138,138,108,138
,one_class,80,138,108,138,138,108,138
,one_class,90,138,108,138,138,108,138
,one_class,100,138,108,138,138,108,138
,one_class,110,138,108,138,138,108,138
,one_class,120,138,108,138,138,108,138
,one_class,130,138,108,138,138,108,138
,one_class,140,138,108,138,138,108,138
,one_class,150,138,108,138,138,108,138
,one_class,160,138,108,138,138,108,138
,one_class,170,138,108,138,138,108,138
,one_class,180,138,108,138,138,108,138
,one_class,190,138,108,138,138,108,138
,one_class,200,138,108,138,138,108,138
,one_class,210,138,108,138,138,108,138
,one_class,220,138,108,138,138,108,138
,one_class,230,138,108,138,138,108,138
,one_class,240,138,108,138,138,108,138
,one_class,250,138,108,138,138,108,138
Alewife,adult,10,10,8,10,10,8,10
Alewife,adult,20,10,8,10,10,8,10
Alewife,adult,30,10,8,10,10,8,10
Alewife,adult,40,10,8,10,10,8,10
Alewife,adult,50,10,8,10,10,8,10
Alewife,adult,60,10,8,10,10,8,10
Alewife,adult,70,10,8,10,10,8,10
Alewife,adult,80,10,8,10,10,8,10
Alewife,adult,90,10,8,10,10,8,10
Alewife,adult,100,10,8,10,10,8,10
Alewife,adult,110,10,8,10,10,8,10
Alewife,adult,120,10,8,10,10,8,10
Alewife,adult,130,10,8,10,10,8,10
Alewife,adult,140,10,8,10,10,8,10
Alewife,adult,150,10,8,10,10,8,10
Alewife,adult,160,10,8,10,10,8,10
Alewife,adult,170,10,8,10,10,8,10
Alewife,adult,180,10,8,10,10,8,10
Alewife,adult,190,10,8,10,10,8,10
Alewife,adult,200,10,8,10,10,8,10
Alewife,adult,210,10,8,10,10,8,10
Alewife,adult,220,10,8,10,10,8,10
Alewife,adult,230,10,8,10,10,8,10
Alewife,adult,240,10,8,10,10,8,10
Alewife,adult,250,10,8,10,10,8,10
Alewife,juvenile,10,10,8,10,10,8,10
Alewife,juvenile,20,10,8,10,10,8,10
Alewife,juvenile,30,10,8,10,10,8,10
Alewife,juvenile,40,10,8,10,10,8,10
Alewife,juvenile,50,10,8,10,10,8,10
Alewife,juvenile,60,10,8,10,10,8,10
Alewife,juvenile,70,10,8,10,10,8,10
Alewife,juvenile,80,10,8,10,10,8,10
Alewife,juvenile,90,10,8,10,10,8,10
Alewife,juvenile,100,10,8,10,10,8,10
Alewife,juvenile,110,10,8,10,10,8,10
Alewife,juvenile,120,10,8,10,10,8,10
Alewife,juvenile,130,10,8,10,10,8,10
Alewife,juvenile,140,10,8,10,10,8,10
Alewife,juvenile,150,10,8,10,10,8,10
Alewife,juvenile,160,10,8,10,10,8,10
Alewife,juvenile,170,10,8,10,10,8,10
Alewife,juvenile,180,10,8,10,10,8,10
Alewife,juvenile,190,10,8,10,10,8,10
Alewife,juvenile,200,10,8,10,10,8,10
Alewife,juvenile,210,10,8,10,10,8,10
Alewife,juvenile,220,10,8,10,10,8,10
Alewife,juvenile,230,10,8,10,10,8,10
Alewife,juvenile,240,10,8,10,10,8,10
Alewife,juvenile,250,10,8,10,10,8,10
Alligatorfish,adult,10,10,8,10,10,8,10
Alligatorfish,adult,20,10,8,10,10,8,10
Alligatorfish,adult,30,10,8,10,10,8,10
Alligatorfish,adult,40,10,8,10,10,8,10
Alligatorfish,adult,50,10,8,10,10,8,10
Alligatorfish,adult,60,10,8,10,10,8,10
Alligatorfish,adult,70,10,8,10,10,8,10
Alligatorfish,adult,80,10,8,10,10,8,10
Alligatorfish,adult,90,10,8,10,10,8,10
Alligatorfish,adult,100,10,8,10,10,8,10
Alligatorfish,adult,110,10,8,10,10,8,10
Alligatorfish,adult,120,10,8,10,10,8,10
Alligatorfish,adult,130,10,8,10,10,8,10
Alligatorfish,adult,140,10,8,10,10,8,10
Alligatorfish,adult,150,10,8,10,10,8,10
Alligatorfish,adult,160,10,8,10,10,8,10
Alligatorfish,adult,170,10,8,10,10,8,10
Alligatorfish,adult,180,10,8,10,10,8,10
Alligatorfish,adult,190,10,8,10,10,8,10
Alligatorfish,adult,200,10,8,10,10,8,10
Alligatorfish,adult,210,10,8,10,10,8,10
Alligatorfish,adult,220,10,8,10,10,8,10
Alligatorfish,adult,230,10,8,10,10,8,10
Alligatorfish,adult,240,10,8,10,10,8,10
Alligatorfish,adult,250,10,8,10,10,8,10
Alligatorfish,juvenile,10,10,8,10,10,8,10
Alligatorfish,juvenile,20,10,8,10,10,8,10
Alligatorfish,juvenile,30,10,8,10,10,8,10
Alligatorfish,juvenile,40,10,8,10,10,8,10
Alligatorfish,juvenile,50,10,8,10,10,8,10
Alligatorfish,juvenile,60,10,8,10,10,8,10
Alligatorfish,juvenile,70,10,8,10,10,8,10
Alligatorfish,juvenile,80,10,8,10,10,8,10
Alligatorfish,juvenile,90,10,8,10,10,8,10
Alligatorfish,juvenile,100,10,8,10,10,8,10
Alligatorfish,juvenile,110,10,8,10,10,8,10
Alligatorfish,juvenile,120,10,8,10,10,8,10
Alligatorfish,juvenile,130,10,8,10,10,8,10
Alligatorfish,juvenile,140,10,8,10,10,8,10
Alligatorfish,juvenile,150,10,8,10,10,8,10
Alligatorfish,juvenile,160,10,8,10,10,8,10
Alligatorfish,juvenile,170,10,8,10,10,8,10
Alligatorfish,juvenile,180,10,8,10,10,8,10
Alligatorfish,juvenile,190,10,8,10,10,8,10
Alligatorfish,juvenile,200,10,8,10,10,8,10
Alligatorfish,juvenile,210,10,8,10,10,8,10
Alligatorfish,juvenile,220,10,8,10,10,8,10
Alligatorfish,juvenile,230,10,8,10,10,8,10
Alligatorfish,juvenile,240,10,8,10,10,8,10
Alligatorfish,juvenile,250,10,8,10,10,8,10
American plaice,adult,10,10,8,10,10,8,10
American plaice,adult,20,10,8,10,10,8,10
American plaice,adult,30,10,8,10,10,8,10
American plaice,adult,40,10,8,10,10,8,10
American plaice,adult,50,10,8,10,10,8,10
American plaice,adult,60,10,8,10,10,8,10
American plaice,adult,70,10,8,10,10,8,10
American plaice,adult,80,10,8,10,10,8,10
American plaice,adult,90,10,8,10,10,8,10
American plaice,adult,100,10,8,10,10,8,10
American plaice,adult,110,10,8,10,10,8,10
American plaice,adult,120,10,8,10,10,8,10
American plaice,adult,130,10,8,10,10,8,10
American plaice,adult,140,10,8,10,10,8,10
American plaice,adult,150,10,8,10,10,8,10
American plaice,adult,160,10,8,10,10,8,10
American plaice,adult,170,10,8,10,10,8,10
American plaice,adult,180,10,8,10,10,8,10
American plaice,adult,190,10,8,10,10,8,10
American plaice,adult,200,10,8,10,10,8,10
American plaice,adult,210,10,8,10,10,8,10
American plaice,adult,220,10,8,10,10,8,10
American plaice,adult,230,10,8,10,10,8,10
American plaice,adult,240,10,8,10,10,8,10
American plaice,adult,250,10,8,10,10,8,10
American plaice,juvenile,10,10,8,10,10,8,10
American plaice,juvenile,20,10,8,10,10,8,10
American plaice,juvenile,30,10,8,10,10,8,10
American plaice,juvenile,40,10,8,10,10,8,10
American plaice,juvenile,50,10,8,10,10,8,10
American plaice,juvenile,60,10,8,10,10,8,10
American plaice,juvenile,70,10,8,10,10,8,10
American plaice,juvenile,80,10,8,10,10,8,10
American plaice,juvenile,90,10,8,10,10,8,10
American plaice,juvenile,100,10,8,10,10,8,10
American plaice,juvenile,110,10,8,10,10,8,10
American plaice,juvenile,120,10,8,10,10,8,10
American plaice,juvenile,130,10,8,10,10,8,10
American plaice,juvenile,140,10,8,10,10,8,10
American plaice,juvenile,150,10,8,10,10,8,10
American plaice,juvenile,160,10,8,10,10,8,10
American plaice,juvenile,170,10,8,10,10,8,10
American plaice,juvenile,180,10,8,10,10,8,10
American plaice,juvenile,190,10,8,10,10,8,10
American plaice,juvenile,200,10,8,10,10,8,10
American plaice,juvenile,210,10,8,10,10,8,10
American plaice,juvenile,220,10,8,10,10,8,10
American plaice,juvenile,230,10,8,10,10,8,10
American plaice,juvenile,240,10,8,10,10,8,10
American plaice,juvenile,250,10,8,10,10,8,10
Arctic alligatorfish,one_class,10,8,6,8,8,6,8
Arctic alligatorfish,one_class,20,8,6,8,8,6,8
Arctic alligatorfish,one_class,30,8,6,8,8,6,8
Arctic alligatorfish,one_class,40,8,6,8,8,6,8
Arctic alligatorfish,one_class,50,8,6,8,8,6,8
Arctic alligatorfish,one_class,60,8,6,8,8,6,8
Arctic alligatorfish,one_class,70,8,6,8,8,6,8
Arctic alligatorfish,one_class,80,8,6,8,8,6,8
Arctic alligatorfish,one_class,90,8,6,8,8,6,8
Arctic alligatorfish,one_class,100,8,6,8,8,6,8
Arctic alligatorfish,one_class,110,8,6,8,8,6,8
Arctic alligatorfish,one_class,120,8,6,8,8,6,8
Arctic alligatorfish,one_class,130,8,6,8,8,6,8
Arctic alligatorfish,one_class,140,8,6,8,8,6,8
Arctic alligatorfish,one_class,150,8,6,8,8,6,8
Arctic alligatorfish,one_class,160,8,6,8,8,6,8
Arctic alligatorfish,one_class,170,8,6,8,8,6,8
Arctic alligatorfish,one_class,180,8,6,8,8,6,8
Arctic alligatorfish,one_class,190,8,6,8,8,6,8
Arctic alligatorfish,one_class,200,8,6,8,8,6,8
Arctic alligatorfish,one_class,210,8,6,8,8,6,8
Arctic alligatorfish,one_class,220,8,6,8,8,6,8
Arctic alligatorfish,one_class,230,8,6,8,8,6,8
Arctic alligatorfish,one_class,240,8,6,8,8,6,8
Arctic alligatorfish,one_class,250,8,6,8,8,6,8
Arctic hookear sculpin,one_class,10,8,6,8,8,6,8
Arctic hookear sculpin,one_class,20,8,6,8,8,6,8
Arctic hookear sculpin,one_class,30,8,6,8,8,6,8
Arctic hookear sculpin,one_class,40,8,6,8,8,6,8
Arctic hookear sculpin,one_class,50,8,6,8,8,6,8
Arctic hookear sculpin,one_class,60,8,6,8,8,6,8
Arctic hookear sculpin,one_class,70,8,6,8,8,6,8
Arctic hookear sculpin,one_class,80,8,6,8,8,6,8
Arctic hookear sculpin,one_class,90,8,6,8,8,6,8
Arctic hookear sculpin,one_class,100,8,6,8,8,6,8
Arctic hookear sculpin,one_class,110,8,6,8,8,6,8
Arctic hookear sculpin,one_class,120,8,6,8,8,6,8
Arctic hookear sculpin,one_class,130,8,6,8,8,6,8
Arctic hookear sculpin,one_class,140,8,6,8,8,6,8
Arctic hookear sculpin,one_class,150,8,6,8,8,6,8
Arctic hookear sculpin,one_class,160,8,6,8,8,6,8
Arctic hookear sculpin,one_class,170,8,6,8,8,6,8
Arctic hookear sculpin,one_class,180,8,6,8,8,6,8
Arctic hookear sculpin,one_class,190,8,6,8,8,6,8
Arctic hookear sculpin,one_class,200,8,6,8,8,6,8
Arctic hookear sculpin,one_class,210,8,6,8,8,6,8
Arctic hookear sculpin,one_class,220,8,6,8,8,6,8
Arctic hookear sculpin,one_class,230,8,6,8,8,6,8
Arctic hookear sculpin,one_class,240,8,6,8,8,6,8
Arctic hookear sculpin,one_class,250,8,6,8,8,6,8
Arctic staghorn sculpin,adult,10,10,8,10,10,8,10
Arctic staghorn sculpin,adult,20,10,8,10,10,8,10
Arctic staghorn sculpin,adult,30,10,8,10,10,8,10
Arctic staghorn sculpin,adult,40,10,8,10,10,8,10
Arctic staghorn sculpin,adult,50,10,8,10,10,8,10
Arctic staghorn sculpin,adult,60,10,8,10,10,8,10
Arctic staghorn sculpin,adult,70,10,8,10,10,8,10
Arctic staghorn sculpin,adult,80,10,8,10,10,8,10
Arctic staghorn sculpin,adult,90,10,8,10,10,8,10
Arctic staghorn sculpin,adult,100,10,8,10,10,8,10
Arctic staghorn sculpin,adult,110,10,8,10,10,8,10
Arctic staghorn sculpin,adult,120,10,8,10,10,8,10
Arctic staghorn sculpin,adult,130,10,8,10,10,8,10
Arctic staghorn sculpin,adult,140,10,8,10,10,8,10
Arctic staghorn sculpin,adult,150,10,8,10,10,8,10
Arctic staghorn sculpin,adult,160,10,8,10,10,8,10
Arctic staghorn sculpin,adult,170,10,8,10,10,8,10
Arctic staghorn sculpin,adult,180,10,8,10,10,8,10
Arctic staghorn sculpin,adult,190,10,8,10,10,8,10
Arctic staghorn sculpin,adult,200,10,8,10,10,8,10
Arctic staghorn sculpin,adult,210,10,8,10,10,8,10
Arctic staghorn sculpin,adult,220,10,8,10,10,8,10
Arctic staghorn sculpin,adult,230,10,8,10,10,8,10
Arctic staghorn sculpin,adult,240,10,8,10,10,8,10
Arctic staghorn sculpin,adult,250,10,8,10,10,8,10
Atlantic cod,adult,10,10,8,10,10,8,10
Atlantic cod,adult,20,10,8,10,10,8,10
Atlantic cod,adult,30,10,8,10,10,8,10
Atlantic cod,adult,40,10,8,10,10,8,10
Atlantic cod,adult,50,10,8,10,10,8,10
Atlantic cod,adult,60,10,8,10,10,8,10
Atlantic cod,adult,70,10,8,10,10,8,10
Atlantic cod,adult,80,10,8,10,10,8,10
Atlantic cod,adult,90,10,8,10,10,8,10
Atlantic cod,adult,100,10,8,10,10,8,10
Atlantic cod,adult,110,10,8,10,10,8,10
Atlantic cod,adult,120,10,8,10,10,8,10
Atlantic cod,adult,130,10,8,10,10,8,10
Atlantic cod,adult,140,10,8,10,10,8,10
Atlantic cod,adult,150,10,8,10,10,8,10
Atlantic cod,adult,160,10,8,10,10,8,10
Atlantic cod,adult,170,10,8,10,10,8,10
Atlantic cod,adult,180,10,8,10,10,8,10
Atlantic cod,adult,190,10,8,10,10,8,10
Atlantic cod,adult,200,10,8,10,10,8,10
Atlantic cod,adult,210,10,8,10,10,8,10
Atlantic cod,adult,220,10,8,10,10,8,10
Atlantic cod,adult,230,10,8,10,10,8,10
Atlantic cod,adult,240,10,8,10,10,8,10
Atlantic cod,adult,250,10,8,10,10,8,10
Atlantic cod,juvenile,10,10,8,10,10,8,10
Atlantic cod,juvenile,20,10,8,10,10,8,10
Atlantic cod,juvenile,30,10,8,10,10,8,10
Atlantic cod,juvenile,40,10,8,10,10,8,10
Atlantic cod,juvenile,50,10,8,10,10,8,10
Atlantic cod,juvenile,60,10,8,10,10,8,10
Atlantic cod,juvenile,70,10,8,10,10,8,10
Atlantic cod,juvenile,80,10,8,10,10,8,10
Atlantic cod,juvenile,90,10,8,10,10,8,10
Atlantic cod,juvenile,100,10,8,10,10,8,10
Atlantic cod,juvenile,110,10,8,10,10,8,10
Atlantic cod,juvenile,120,10,8,10,10,8,10
Atlantic cod,juvenile,130,10,8,10,10,8,10
Atlantic cod,juvenile,140,10,8,10,10,8,10
Atlantic cod,juvenile,150,10,8,10,10,8,10
Atlantic cod,juvenile,160,10,8,10,10,8,10
Atlantic cod,juvenile,170,10,8,10,10,8,10
Atlantic cod,juvenile,180,10,8,10,10,8,10
Atlantic cod,juvenile,190,10,8,10,10,8,10
Atlantic cod,juvenile,200,10,8,10,10,8,10
Atlantic cod,juvenile,210,10,8,10,10,8,10
Atlantic cod,juvenile,220,10,8,10,10,8,10
Atlantic cod,juvenile,230,10,8,10,10,8,10
Atlantic cod,juvenile,240,10,8,10,10,8,10
Atlantic cod,juvenile,250,10,8,10,10,8,10
Atlantic herring,adult,10,8,6,8,8,6,8
Atlantic herring,adult,20,8,6,8,8,6,8
Atlantic herring,adult,30,8,6,8,8,6,8
Atlantic herring,adult,40,8,6,8,8,6,8
Atlantic herring,adult,50,8,6,8,8,6,8
Atlantic herring,adult,60,8,6,8,8,6,8
Atlantic herring,adult,70,8,6,8,8,6,8
Atlantic herring,adult,80,8,6,8,8,6,8
Atlantic herring,adult,90,8,6,8,8,6,8
Atlantic herring,adult,100,8,6,8,8,6,8
Atlantic herring,adult,110,8,6,8,8,6,8
Atlantic herring,adult,120,8,6,8,8,6,8
Atlantic herring,adult,130,8,6,8,8,6,8
Atlantic herring,adult,140,8,6,8,8,6,8
Atlantic herring,adult,150,8,6,8,8,6,8
Atlantic herring,adult,160,8,6,8,8,6,8
Atlantic herring,adult,170,8,6,8,8,6,8
Atlantic herring,adult,180,8,6,8,8,6,8
Atlantic herring,adult,190,8,6,8,8,6,8
Atlantic herring,adult,200,8,6,8,8,6,8
Atlantic herring,adult,210,8,6,8,8,6,8
Atlantic herring,adult,220,8,6,8,8,6,8
Atlantic herring,adult,230,8,6,8,8,6,8
Atlantic herring,adult,240,8,6,8,8,6,8
Atlantic herring,adult,250,8,6,8,8,6,8
Atlantic herring,juvenile,10,10,8,10,10,8,10
Atlantic herring,juvenile,20,10,8,10,10,8,10
Atlantic herring,juvenile,30,10,8,10,10,8,10
Atlantic herring,juvenile,40,10,8,10,10,8,10
Atlantic herring,juvenile,50,10,8,10,10,8,10
Atlantic herring,juvenile,60,10,8,10,10,8,10
Atlantic herring,juvenile,70,10,8,10,10,8,10
Atlantic herring,juvenile,80,10,8,10,10,8,10
Atlantic herring,juvenile,90,10,8,10,10,8,10
Atlantic herring,juvenile,100,10,8,10,10,8,10
Atlantic herring,juvenile,110,10,8,10,10,8,10
Atlantic herring,juvenile,120,10,8,10,10,8,10
Atlantic herring,juvenile,130,10,8,10,10,8,10
Atlantic herring,juvenile,140,10,8,10,10,8,10
Atlantic herring,juvenile,150,10,8,10,10,8,10
Atlantic herring,juvenile,160,10,8,10,10,8,10
Atlantic herring,juvenile,170,10,8,10,10,8,10
Atlantic herring,juvenile,180,10,8,10,10,8,10
Atlantic herring,juvenile,190,10,8,10,10,8,10
Atlantic herring,juvenile,200,10,8,10,10,8,10
Atlantic herring,juvenile,210,10,8,10,10,8,10
Atlantic herring,juvenile,220,10,8,10,10,8,10
Atlantic herring,juvenile,230,10,8,10,10,8,10
Atlantic herring,juvenile,240,10,8,10,10,8,10
Atlantic herring,juvenile,250,10,8,10,10,8,10
Atlantic hookear sculpin,one_class,10,10,8,10,10,8,10
Atlantic hookear sculpin,one_class,20,10,8,10,10,8,10
Atlantic hookear sculpin,one_class,30,10,8,10,10,8,10
Atlantic hookear sculpin,one_class,40,10,8,10,10,8,10
Atlantic hookear sculpin,one_class,50,10,8,10,10,8,10
Atlantic hookear sculpin,one_class,60,10,8,10,10,8,10
Atlantic hookear sculpin,one_class,70,10,8,10,10,8,10
Atlantic hookear sculpin,one_class,80,10,8,10,10,8,10
Atlantic hookear sculpin,one_class,90,10,8,10,10,8,10
Atlantic hookear sculpin,one_class,100,10,8,10,10,8,10
Atlantic hookear sculpin,one_class,110,10,8,10,10,8,10
Atlantic hookear sculpin,one_class,120,10,8,10,10,8,10
Atlantic hookear sculpin,one_class,130,10,8,10,10,8,10
Atlantic hookear sculpin,one_class,140,10,8,10,10,8,10
Atlantic hookear sculpin,one_class,150,10,8,10,10,8,10
Atlantic hookear sculpin,one_class,160,10,8,10,10,8,10
Atlantic hookear sculpin,one_class,170,10,8,10,10,8,10
Atlantic hookear sculpin,one_class,180,10,8,10,10,8,10
Atlantic hookear sculpin,one_class,190,10,8,10,10,8,10
Atlantic hookear sculpin,one_class,200,10,8,10,10,8,10
Atlantic hookear sculpin,one_class,210,10,8,10,10,8,10
Atlantic hookear sculpin,one_class,220,10,8,10,10,8,10
Atlantic hookear sculpin,one_class,230,10,8,10,10,8,10
Atlantic hookear sculpin,one_class,240,10,8,10,10,8,10
Atlantic hookear sculpin,one_class,250,10,8,10,10,8,10
Atlantic mackerel,adult,10,4,2,4,4,2,4
Atlantic mackerel,adult,20,4,2,4,4,2,4
Atlantic mackerel,adult,30,4,2,4,4,2,4
Atlantic mackerel,adult,40,4,2,4,4,2,4
Atlantic mackerel,adult,50,4,2,4,4,2,4
Atlantic mackerel,adult,60,4,2,4,4,2,4
Atlantic mackerel,adult,70,4,2,4,4,2,4
Atlantic mackerel,adult,80,4,2,4,4,2,4
Atlantic mackerel,adult,90,4,2,4,4,2,4
Atlantic mackerel,adult,100,4,2,4,4,2,4
Atlantic mackerel,adult,110,4,2,4,4,2,4
Atlantic mackerel,adult,120,4,2,4,4,2,4
Atlantic mackerel,adult,130,4,2,4,4,2,4
Atlantic mackerel,adult,140,4,2,4,4,2,4
Atlantic mackerel,adult,150,4,2,4,4,2,4
Atlantic mackerel,adult,160,4,2,4,4,2,4
Atlantic mackerel,adult,170,4,2,4,4,2,4
Atlantic mackerel,adult,180,4,2,4,4,2,4
Atlantic mackerel,adult,190,4,2,4,4,2,4
Atlantic mackerel,adult,200,4,2,4,4,2,4
Atlantic mackerel,adult,210,4,2,4,4,2,4
Atlantic mackerel,adult,220,4,2,4,4,2,4
Atlantic mackerel,adult,230,4,2,4,4,2,4
Atlantic mackerel,adult,240,4,2,4,4,2,4
Atlantic mackerel,adult,250,4,2,4,4,2,4
Atlantic mackerel,juvenile,10,10,8,10,10,8,10
Atlantic mackerel,juvenile,20,10,8,10,10,8,10
Atlantic mackerel,juvenile,30,10,8,10,10,8,10
Atlantic mackerel,juvenile,40,10,8,10,10,8,10
Atlantic mackerel,juvenile,50,10,8,10,10,8,10
Atlantic mackerel,juvenile,60,10,8,10,10,8,10
Atlantic mackerel,juvenile,70,10,8,10,10,8,10
Atlantic mackerel,juvenile,80,10,8,10,10,8,10
Atlantic mackerel,juvenile,90,10,8,10,10,8,10
Atlantic mackerel,juvenile,100,10,8,10,10,8,10
Atlantic mackerel,juvenile,110,10,8,10,10,8,10
Atlantic mackerel,juvenile,120,10,8,10,10,8,10
Atlantic mackerel,juvenile,130,10,8,10,10,8,10
Atlantic mackerel,juvenile,140,10,8,10,10,8,10
Atlantic mackerel,juvenile,150,10,8,10,10,8,10
Atlantic mackerel,juvenile,160,10,8,10,10,8,10
Atlantic mackerel,juvenile,170,10,8,10,10,8,10
Atlantic mackerel,juvenile,180,10,8,10,10,8,10
Atlantic mackerel,juvenile,190,10,8,10,10,8,10
Atlantic mackerel,juvenile,200,10,8,10,10,8,10
Atlantic mackerel,juvenile,210,10,8,10,10,8,10
Atlantic mackerel,juvenile,220,10,8,10,10,8,10
Atlantic mackerel,juvenile,230,10,8,10,10,8,10
Atlantic mackerel,juvenile,240,10,8,10,10,8,10
Atlantic mackerel,juvenile,250,10,8,10,10,8,10
Atlantic poacher,one_class,10,10,8,10,10,8,10
Atlantic poacher,one_class,20,10,8,10,10,8,10
Atlantic poacher,one_class,30,10,8,10,10,8,10
Atlantic poacher,one_class,40,10,8,10,10,8,10
Atlantic poacher,one_class,50,10,8,10,10,8,10
Atlantic poacher,one_class,60,10,8,10,10,8,10
Atlantic poacher,one_class,70,10,8,10,10,8,10
Atlantic poacher,one_class,80,10,8,10,10,8,10
Atlantic poacher,one_class,90,10,8,10,10,8,10
Atlantic poacher,one_class,100,10,8,10,10,8,10
Atlantic poacher,one_class,110,10,8,10,10,8,10
Atlantic poacher,one_class,120,10,8,10,10,8,10
Atlantic poacher,one_class,130,10,8,10,10,8,10
Atlantic poacher,one_class,140,10,8,10,10,8,10
Atlantic poacher,one_class,150,10,8,10,10,8,10
Atlantic poacher,one_class,160,10,8,10,10,8,10
Atlantic poacher,one_class,170,10,8,10,10,8,10
Atlantic poacher,one_class,180,10,8,10,10,8,10
Atlantic poacher,one_class,190,10,8,10,10,8,10
Atlantic poacher,one_class,200,10,8,10,10,8,10
Atlantic poacher,one_class,210,10,8,10,10,8,10
Atlantic poacher,one_class,220,10,8,10,10,8,10
Atlantic poacher,one_class,230,10,8,10,10,8,10
Atlantic poacher,one_class,240,10,8,10,10,8,10
Atlantic poacher,one_class,250,10,8,10,10,8,10
Atlantic spiny lumpsucker,one_class,10,10,8,10,10,8,10
Atlantic spiny lumpsucker,one_class,20,10,8,10,10,8,10
Atlantic spiny lumpsucker,one_class,30,10,8,10,10,8,10
Atlantic spiny lumpsucker,one_class,40,10,8,10,10,8,10
Atlantic spiny lumpsucker,one_class,50,10,8,10,10,8,10
Atlantic spiny lumpsucker,one_class,60,10,8,10,10,8,10
Atlantic spiny lumpsucker,one_class,70,10,8,10,10,8,10
Atlantic spiny lumpsucker,one_class,80,10,8,10,10,8,10
Atlantic spiny lumpsucker,one_class,90,10,8,10,10,8,10
Atlantic spiny lumpsucker,one_class,100,10,8,10,10,8,10
Atlantic spiny lumpsucker,one_class,110,10,8,10,10,8,10
Atlantic spiny lumpsucker,one_class,120,10,8,10,10,8,10
Atlantic spiny lumpsucker,one_class,130,10,8,10,10,8,10
Atlantic spiny lumpsucker,one_class,140,10,8,10,10,8,10
Atlantic spiny lumpsucker,one_class,150,10,8,10,10,8,10
Atlantic spiny lumpsucker,one_class,160,10,8,10,10,8,10
Atlantic spiny lumpsucker,one_class,170,10,8,10,10,8,10
Atlantic spiny lumpsucker,one_class,180,10,8,10,10,8,10
Atlantic spiny lumpsucker,one_class,190,10,8,10,10,8,10
Atlantic spiny lumpsucker,one_class,200,10,8,10,10,8,10
Atlantic spiny lumpsucker,one_class,210,10,8,10,10,8,10
Atlantic spiny lumpsucker,one_class,220,10,8,10,10,8,10
Atlantic spiny lumpsucker,one_class,230,10,8,10,10,8,10
Atlantic spiny lumpsucker,one_class,240,10,8,10,10,8,10
Atlantic spiny lumpsucker,one_class,250,10,8,10,10,8,10
Capelin,adult,10,8,6,8,8,6,8
Capelin,adult,20,8,6,8,8,6,8
Capelin,adult,30,8,6,8,8,6,8
Capelin,adult,40,8,6,8,8,6,8
Capelin,adult,50,8,6,8,8,6,8
Capelin,adult,60,8,6,8,8,6,8
Capelin,adult,70,8,6,8,8,6,8
Capelin,adult,80,8,6,8,8,6,8
Capelin,adult,90,8,6,8,8,6,8
Capelin,adult,100,8,6,8,8,6,8
Capelin,adult,110,8,6,8,8,6,8
Capelin,adult,120,8,6,8,8,6,8
Capelin,adult,130,8,6,8,8,6,8
Capelin,adult,140,8,6,8,8,6,8
Capelin,adult,150,8,6,8,8,6,8
Capelin,adult,160,8,6,8,8,6,8
Capelin,adult,170,8,6,8,8,6,8
Capelin,adult,180,8,6,8,8,6,8
Capelin,adult,190,8,6,8,8,6,8
Capelin,adult,200,8,6,8,8,6,8
Capelin,adult,210,8,6,8,8,6,8
Capelin,adult,220,8,6,8,8,6,8
Capelin,adult,230,8,6,8,8,6,8
Capelin,adult,240,8,6,8,8,6,8
Capelin,adult,250,8,6,8,8,6,8
Capelin,juvenile,10,10,8,10,10,8,10
Capelin,juvenile,20,10,8,10,10,8,10
Capelin,juvenile,30,10,8,10,10,8,10
Capelin,juvenile,40,10,8,10,10,8,10
Capelin,juvenile,50,10,8,10,10,8,10
Capelin,juvenile,60,10,8,10,10,8,10
Capelin,juvenile,70,10,8,10,10,8,10
Capelin,juvenile,80,10,8,10,10,8,10
Capelin,juvenile,90,10,8,10,10,8,10
Capelin,juvenile,100,10,8,10,10,8,10
Capelin,juvenile,110,10,8,10,10,8,10
Capelin,juvenile,120,10,8,10,10,8,10
Capelin,juvenile,130,10,8,10,10,8,10
Capelin,juvenile,140,10,8,10,10,8,10
Capelin,juvenile,150,10,8,10,10,8,10
Capelin,juvenile,160,10,8,10,10,8,10
Capelin,juvenile,170,10,8,10,10,8,10
Capelin,juvenile,180,10,8,10,10,8,10
Capelin,juvenile,190,10,8,10,10,8,10
Capelin,juvenile,200,10,8,10,10,8,10
Capelin,juvenile,210,10,8,10,10,8,10
Capelin,juvenile,220,10,8,10,10,8,10
Capelin,juvenile,230,10,8,10,10,8,10
Capelin,juvenile,240,10,8,10,10,8,10
Capelin,juvenile,250,10,8,10,10,8,10
Daubed shanny,adult,10,10,8,10,10,8,10
Daubed shanny,adult,20,10,8,10,10,8,10
Daubed shanny,adult,30,10,8,10,10,8,10
Daubed shanny,adult,40,10,8,10,10,8,10
Daubed shanny,adult,50,10,8,10,10,8,10
Daubed shanny,adult,60,10,8,10,10,8,10
Daubed shanny,adult,70,10,8,10,10,8,10
Daubed shanny,adult,80,10,8,10,10,8,10
Daubed shanny,adult,90,10,8,10,10,8,10
Daubed shanny,adult,100,10,8,10,10,8,10
Daubed shanny,adult,110,10,8,10,10,8,10
Daubed shanny,adult,120,10,8,10,10,8,10
Daubed shanny,adult,130,10,8,10,10,8,10
Daubed shanny,adult,140,10,8,10,10,8,10
Daubed shanny,adult,150,10,8,10,10,8,10
Daubed shanny,adult,160,10,8,10,10,8,10
Daubed shanny,adult,170,10,8,10,10,8,10
Daubed shanny,adult,180,10,8,10,10,8,10
Daubed shanny,adult,190,10,8,10,10,8,10
Daubed shanny,adult,200,10,8,10,10,8,10
Daubed shanny,adult,210,10,8,10,10,8,10
Daubed shanny,adult,220,10,8,10,10,8,10
Daubed shanny,adult,230,10,8,10,10,8,10
Daubed shanny,adult,240,10,8,10,10,8,10
Daubed shanny,adult,250,10,8,10,10,8,10
Daubed shanny,juvenile,10,10,8,10,10,8,10
Daubed shanny,juvenile,20,10,8,10,10,8,10
Daubed shanny,juvenile,30,10,8,10,10,8,10
Daubed shanny,juvenile,40,10,8,10,10,8,10
Daubed shanny,juvenile,50,10,8,10,10,8,10
Daubed shanny,juvenile,60,10,8,10,10,8,10
Daubed shanny,juvenile,70,10,8,10,10,8,10
Daubed shanny,juvenile,80,10,8,10,10,8,10
Daubed shanny,juvenile,90,10,8,10,10,8,10
Daubed shanny,juvenile,100,10,8,10,10,8,10
Daubed shanny,juvenile,110,10,8,10,10,8,10
Daubed shanny,juvenile,120,10,8,10,10,8,10
Daubed shanny,juvenile,130,10,8,10,10,8,10
Daubed shanny,juvenile,140,10,8,10,10,8,10
Daubed shanny,juvenile,150,10,8,10,10,8,10
Daubed shanny,juvenile,160,10,8,10,10,8,10
Daubed shanny,juvenile,170,10,8,10,10,8,10
Daubed shanny,juvenile,180,10,8,10,10,8,10
Daubed shanny,juvenile,190,10,8,10,10,8,10
Daubed shanny,juvenile,200,10,8,10,10,8,10
Daubed shanny,juvenile,210,10,8,10,10,8,10
Daubed shanny,juvenile,220,10,8,10,10,8,10
Daubed shanny,juvenile,230,10,8,10,10,8,10
Daubed shanny,juvenile,240,10,8,10,10,8,10
Daubed shanny,juvenile,250,10,8,10,10,8,10
Dusky snailfish,one_class,10,10,8,10,10,8,10
Dusky snailfish,one_class,20,10,8,10,10,8,10
Dusky snailfish,one_class,30,10,8,10,10,8,10
Dusky snailfish,one_class,40,10,8,10,10,8,10
Dusky snailfish,one_class,50,10,8,10,10,8,10
Dusky snailfish,one_class,60,10,8,10,10,8,10
Dusky snailfish,one_class,70,10,8,10,10,8,10
Dusky snailfish,one_class,80,10,8,10,10,8,10
Dusky snailfish,one_class,90,10,8,10,10,8,10
Dusky snailfish,one_class,100,10,8,10,10,8,10
Dusky snailfish,one_class,110,10,8,10,10,8,10
Dusky snailfish,one_class,120,10,8,10,10,8,10
Dusky snailfish,one_class,130,10,8,10,10,8,10
Dusky snailfish,one_class,140,10,8,10,10,8,10
Dusky snailfish,one_class,150,10,8,10,10,8,10
Dusky snailfish,one_class,160,10,8,10,10,8,10
Dusky snailfish,one_class,170,10,8,10,10,8,10
Dusky snailfish,one_class,180,10,8,10,10,8,10
Dusky snailfish,one_class,190,10,8,10,10,8,10
Dusky snailfish,one_class,200,10,8,10,10,8,10
Dusky snailfish,one_class,210,10,8,10,10,8,10
Dusky snailfish,one_class,220,10,8,10,10,8,10
Dusky snailfish,one_class,230,10,8,10,10,8,10
Dusky snailfish,one_class,240,10,8,10,10,8,10
Dusky snailfish,one_class,250,10,8,10,10,8,10
Fourbeard rockling,juvenile,10,10,8,10,10,8,10
Fourbeard rockling,juvenile,20,10,8,10,10,8,10
Fourbeard rockling,juvenile,30,10,8,10,10,8,10
Fourbeard rockling,juvenile,40,10,8,10,10,8,10
Fourbeard rockling,juvenile,50,10,8,10,10,8,10
Fourbeard rockling,juvenile,60,10,8,10,10,8,10
Fourbeard rockling,juvenile,70,10,8,10,10,8,10
Fourbeard rockling,juvenile,80,10,8,10,10,8,10
Fourbeard rockling,juvenile,90,10,8,10,10,8,10
Fourbeard rockling,juvenile,100,10,8,10,10,8,10
Fourbeard rockling,juvenile,110,10,8,10,10,8,10
Fourbeard rockling,juvenile,120,10,8,10,10,8,10
Fourbeard rockling,juvenile,130,10,8,10,10,8,10
Fourbeard rockling,juvenile,140,10,8,10,10,8,10
Fourbeard rockling,juvenile,150,10,8,10,10,8,10
Fourbeard rockling,juvenile,160,10,8,10,10,8,10
Fourbeard rockling,juvenile,170,10,8,10,10,8,10
Fourbeard rockling,juvenile,180,10,8,10,10,8,10
Fourbeard rockling,juvenile,190,10,8,10,10,8,10
Fourbeard rockling,juvenile,200,10,8,10,10,8,10
Fourbeard rockling,juvenile,210,10,8,10,10,8,10
Fourbeard rockling,juvenile,220,10,8,10,10,8,10
Fourbeard rockling,juvenile,230,10,8,10,10,8,10
Fourbeard rockling,juvenile,240,10,8,10,10,8,10
Fourbeard rockling,juvenile,250,10,8,10,10,8,10
Fourline snakeblenny,one_class,10,10,8,10,10,8,10
Fourline snakeblenny,one_class,20,10,8,10,10,8,10
Fourline snakeblenny,one_class,30,10,8,10,10,8,10
Fourline snakeblenny,one_class,40,10,8,10,10,8,10
Fourline snakeblenny,one_class,50,10,8,10,10,8,10
Fourline snakeblenny,one_class,60,10,8,10,10,8,10
Fourline snakeblenny,one_class,70,10,8,10,10,8,10
Fourline snakeblenny,one_class,80,10,8,10,10,8,10
Fourline snakeblenny,one_class,90,10,8,10,10,8,10
Fourline snakeblenny,one_class,100,10,8,10,10,8,10
Fourline snakeblenny,one_class,110,10,8,10,10,8,10
Fourline snakeblenny,one_class,120,10,8,10,10,8,10
Fourline snakeblenny,one_class,130,10,8,10,10,8,10
Fourline snakeblenny,one_class,140,10,8,10,10,8,10
Fourline snakeblenny,one_class,150,10,8,10,10,8,10
Fourline snakeblenny,one_class,160,10,8,10,10,8,10
Fourline snakeblenny,one_class,170,10,8,10,10,8,10
Fourline snakeblenny,one_class,180,10,8,10,10,8,10
Fourline snakeblenny,one_class,190,10,8,10,10,8,10
Fourline snakeblenny,one_class,200,10,8,10,10,8,10
Fourline snakeblenny,one_class,210,10,8,10,10,8,10
Fourline snakeblenny,one_class,220,10,8,10,10,8,10
Fourline snakeblenny,one_class,230,10,8,10,10,8,10
Fourline snakeblenny,one_class,240,10,8,10,10,8,10
Fourline snakeblenny,one_class,250,10,8,10,10,8,10
Greenland cod,juvenile,10,6,4,6,6,4,6
Greenland cod,juvenile,20,6,4,6,6,4,6
Greenland cod,juvenile,30,6,4,6,6,4,6
Greenland cod,juvenile,40,6,4,6,6,4,6
Greenland cod,juvenile,50,6,4,6,6,4,6
Greenland cod,juvenile,60,6,4,6,6,4,6
Greenland cod,juvenile,70,6,4,6,6,4,6
Greenland cod,juvenile,80,6,4,6,6,4,6
Greenland cod,juvenile,90,6,4,6,6,4,6
Greenland cod,juvenile,100,6,4,6,6,4,6
Greenland cod,juvenile,110,6,4,6,6,4,6
Greenland cod,juvenile,120,6,4,6,6,4,6
Greenland cod,juvenile,130,6,4,6,6,4,6
Greenland cod,juvenile,140,6,4,6,6,4,6
Greenland cod,juvenile,150,6,4,6,6,4,6
Greenland cod,juvenile,160,6,4,6,6,4,6
Greenland cod,juvenile,170,6,4,6,6,4,6
Greenland cod,juvenile,180,6,4,6,6,4,6
Greenland cod,juvenile,190,6,4,6,6,4,6
Greenland cod,juvenile,200,6,4,6,6,4,6
Greenland cod,juvenile,210,6,4,6,6,4,6
Greenland cod,juvenile,220,6,4,6,6,4,6
Greenland cod,juvenile,230,6,4,6,6,4,6
Greenland cod,juvenile,240,6,4,6,6,4,6
Greenland cod,juvenile,250,6,4,6,6,4,6
Greenland halibut,adult,10,10,8,10,10,8,10
Greenland halibut,adult,20,10,8,10,10,8,10
Greenland halibut,adult,30,10,8,10,10,8,10
Greenland halibut,adult,40,10,8,10,10,8,10
Greenland halibut,adult,50,10,8,10,10,8,10
Greenland halibut,adult,60,10,8,10,10,8,10
Greenland halibut,adult,70,10,8,10,10,8,10
Greenland halibut,adult,80,10,8,10,10,8,10
Greenland halibut,adult,90,10,8,10,10,8,10
Greenland halibut,adult,100,10,8,10,10,8,10
Greenland halibut,adult,110,10,8,10,10,8,10
Greenland halibut,adult,120,10,8,10,10,8,10
Greenland halibut,adult,130,10,8,10,10,8,10
Greenland halibut,adult,140,10,8,10,10,8,10
Greenland halibut,adult,150,10,8,10,10,8,10
Greenland halibut,adult,160,10,8,10,10,8,10
Greenland halibut,adult,170,10,8,10,10,8,10
Greenland halibut,adult,180,10,8,10,10,8,10
Greenland halibut,adult,190,10,8,10,10,8,10
Greenland halibut,adult,200,10,8,10,10,8,10
Greenland halibut,adult,210,10,8,10,10,8,10
Greenland halibut,adult,220,10,8,10,10,8,10
Greenland halibut,adult,230,10,8,10,10,8,10
Greenland halibut,adult,240,10,8,10,10,8,10
Greenland halibut,adult,250,10,8,10,10,8,10
Greenland halibut,juvenile,10,10,8,10,10,8,10
Greenland halibut,juvenile,20,10,8,10,10,8,10
Greenland halibut,juvenile,30,10,8,10,10,8,10
Greenland halibut,juvenile,40,10,8,10,10,8,10
Greenland halibut,juvenile,50,10,8,10,10,8,10
Greenland halibut,juvenile,60,10,8,10,10,8,10
Greenland halibut,juvenile,70,10,8,10,10,8,10
Greenland halibut,juvenile,80,10,8,10,10,8,10
Greenland halibut,juvenile,90,10,8,10,10,8,10
Greenland halibut,juvenile,100,10,8,10,10,8,10
Greenland halibut,juvenile,110,10,8,10,10,8,10
Greenland halibut,juvenile,120,10,8,10,10,8,10
Greenland halibut,juvenile,130,10,8,10,10,8,10
Greenland halibut,juvenile,140,10,8,10,10,8,10
Greenland halibut,juvenile,150,10,8,10,10,8,10
Greenland halibut,juvenile,160,10,8,10,10,8,10
Greenland halibut,juvenile,170,10,8,10,10,8,10
Greenland halibut,juvenile,180,10,8,10,10,8,10
Greenland halibut,juvenile,190,10,8,10,10,8,10
Greenland halibut,juvenile,200,10,8,10,10,8,10
Greenland halibut,juvenile,210,10,8,10,10,8,10
Greenland halibut,juvenile,220,10,8,10,10,8,10
Greenland halibut,juvenile,230,10,8,10,10,8,10
Greenland halibut,juvenile,240,10,8,10,10,8,10
Greenland halibut,juvenile,250,10,8,10,10,8,10
Laval's eelpout,one_class,10,10,8,10,10,8,10
Laval's eelpout,one_class,20,10,8,10,10,8,10
Laval's eelpout,one_class,30,10,8,10,10,8,10
Laval's eelpout,one_class,40,10,8,10,10,8,10
Laval's eelpout,one_class,50,10,8,10,10,8,10
Laval's eelpout,one_class,60,10,8,10,10,8,10
Laval's eelpout,one_class,70,10,8,10,10,8,10
Laval's eelpout,one_class,80,10,8,10,10,8,10
Laval's eelpout,one_class,90,10,8,10,10,8,10
Laval's eelpout,one_class,100,10,8,10,10,8,10
Laval's eelpout,one_class,110,10,8,10,10,8,10
Laval's eelpout,one_class,120,10,8,10,10,8,10
Laval's eelpout,one_class,130,10,8,10,10,8,10
Laval's eelpout,one_class,140,10,8,10,10,8,10
Laval's eelpout,one_class,150,10,8,10,10,8,10
Laval's eelpout,one_class,160,10,8,10,10,8,10
Laval's eelpout,one_class,170,10,8,10,10,8,10
Laval's eelpout,one_class,180,10,8,10,10,8,10
Laval's eelpout,one_class,190,10,8,10,10,8,10
Laval's eelpout,one_class,200,10,8,10,10,8,10
Laval's eelpout,one_class,210,10,8,10,10,8,10
Laval's eelpout,one_class,220,10,8,10,10,8,10
Laval's eelpout,one_class,230,10,8,10,10,8,10
Laval's eelpout,one_class,240,10,8,10,10,8,10
Laval's eelpout,one_class,250,10,8,10,10,8,10
Longhorn sculpin,adult,10,10,8,10,10,8,10
Longhorn sculpin,adult,20,10,8,10,10,8,10
Longhorn sculpin,adult,30,10,8,10,10,8,10
Longhorn sculpin,adult,40,10,8,10,10,8,10
Longhorn sculpin,adult,50,10,8,10,10,8,10
Longhorn sculpin,adult,60,10,8,10,10,8,10
Longhorn sculpin,adult,70,10,8,10,10,8,10
Longhorn sculpin,adult,80,10,8,10,10,8,10
Longhorn sculpin,adult,90,10,8,10,10,8,10
Longhorn sculpin,adult,100,10,8,10,10,8,10
Longhorn sculpin,adult,110,10,8,10,10,8,10
Longhorn sculpin,adult,120,10,8,10,10,8,10
Longhorn sculpin,adult,130,10,8,10,10,8,10
Longhorn sculpin,adult,140,10,8,10,10,8,10
Longhorn sculpin,adult,150,10,8,10,10,8,10
Longhorn sculpin,adult,160,10,8,10,10,8,10
Longhorn sculpin,adult,170,10,8,10,10,8,10
Longhorn sculpin,adult,180,10,8,10,10,8,10
Longhorn sculpin,adult,190,10,8,10,10,8,10
Longhorn sculpin,adult,200,10,8,10,10,8,10
Longhorn sculpin,adult,210,10,8,10,10,8,10
Longhorn sculpin,adult,220,10,8,10,10,8,10
Longhorn sculpin,adult,230,10,8,10,10,8,10
Longhorn sculpin,adult,240,10,8,10,10,8,10
Longhorn sculpin,adult,250,10,8,10,10,8,10
Longhorn sculpin,juvenile,10,10,8,10,10,8,10
Longhorn sculpin,juvenile,20,10,8,10,10,8,10
Longhorn sculpin,juvenile,30,10,8,10,10,8,10
Longhorn sculpin,juvenile,40,10,8,10,10,8,10
Longhorn sculpin,juvenile,50,10,8,10,10,8,10
Longhorn sculpin,juvenile,60,10,8,10,10,8,10
Longhorn sculpin,juvenile,70,10,8,10,10,8,10
Longhorn sculpin,juvenile,80,10,8,10,10,8,10
Longhorn sculpin,juvenile,90,10,8,10,10,8,10
Longhorn sculpin,juvenile,100,10,8,10,10,8,10
Longhorn sculpin,juvenile,110,10,8,10,10,8,10
Longhorn sculpin,juvenile,120,10,8,10,10,8,10
Longhorn sculpin,juvenile,130,10,8,10,10,8,10
Longhorn sculpin,juvenile,140,10,8,10,10,8,10
Longhorn sculpin,juvenile,150,10,8,10,10,8,10
Longhorn sculpin,juvenile,160,10,8,10,10,8,10
Longhorn sculpin,juvenile,170,10,8,10,10,8,10
Longhorn sculpin,juvenile,180,10,8,10,10,8,10
Longhorn sculpin,juvenile,190,10,8,10,10,8,10
Longhorn sculpin,juvenile,200,10,8,10,10,8,10
Longhorn sculpin,juvenile,210,10,8,10,10,8,10
Longhorn sculpin,juvenile,220,10,8,10,10,8,10
Longhorn sculpin,juvenile,230,10,8,10,10,8,10
Longhorn sculpin,juvenile,240,10,8,10,10,8,10
Longhorn sculpin,juvenile,250,10,8,10,10,8,10
Marlin-spike grenadier,one_class,10,10,8,10,10,8,10
Marlin-spike grenadier,one_class,20,10,8,10,10,8,10
Marlin-spike grenadier,one_class,30,10,8,10,10,8,10
Marlin-spike grenadier,one_class,40,10,8,10,10,8,10
Marlin-spike grenadier,one_class,50,10,8,10,10,8,10
Marlin-spike grenadier,one_class,60,10,8,10,10,8,10
Marlin-spike grenadier,one_class,70,10,8,10,10,8,10
Marlin-spike grenadier,one_class,80,10,8,10,10,8,10
Marlin-spike grenadier,one_class,90,10,8,10,10,8,10
Marlin-spike grenadier,one_class,100,10,8,10,10,8,10
Marlin-spike grenadier,one_class,110,10,8,10,10,8,10
Marlin-spike grenadier,one_class,120,10,8,10,10,8,10
Marlin-spike grenadier,one_class,130,10,8,10,10,8,10
Marlin-spike grenadier,one_class,140,10,8,10,10,8,10
Marlin-spike grenadier,one_class,150,10,8,10,10,8,10
Marlin-spike grenadier,one_class,160,10,8,10,10,8,10
Marlin-spike grenadier,one_class,170,10,8,10,10,8,10
Marlin-spike grenadier,one_class,180,10,8,10,10,8,10
Marlin-spike grenadier,one_class,190,10,8,10,10,8,10
Marlin-spike grenadier,one_class,200,10,8,10,10,8,10
Marlin-spike grenadier,one_class,210,10,8,10,10,8,10
Marlin-spike grenadier,one_class,220,10,8,10,10,8,10
Marlin-spike grenadier,one_class,230,10,8,10,10,8,10
Marlin-spike grenadier,one_class,240,10,8,10,10,8,10
Marlin-spike grenadier,one_class,250,10,8,10,10,8,10
Moustache sculpin,one_class,10,10,8,10,10,8,10
Moustache sculpin,one_class,20,10,8,10,10,8,10
Moustache sculpin,one_class,30,10,8,10,10,8,10
Moustache sculpin,one_class,40,10,8,10,10,8,10
Moustache sculpin,one_class,50,10,8,10,10,8,10
Moustache sculpin,one_class,60,10,8,10,10,8,10
Moustache sculpin,one_class,70,10,8,10,10,8,10
Moustache sculpin,one_class,80,10,8,10,10,8,10
Moustache sculpin,one_class,90,10,8,10,10,8,10
Moustache sculpin,one_class,100,10,8,10,10,8,10
Moustache sculpin,one_class,110,10,8,10,10,8,10
Moustache sculpin,one_class,120,10,8,10,10,8,10
Moustache sculpin,one_class,130,10,8,10,10,8,10
Moustache sculpin,one_class,140,10,8,10,10,8,10
Moustache sculpin,one_class,150,10,8,10,10,8,10
Moustache sculpin,one_class,160,10,8,10,10,8,10
Moustache sculpin,one_class,170,10,8,10,10,8,10
Moustache sculpin,one_class,180,10,8,10,10,8,10
Moustache sculpin,one_class,190,10,8,10,10,8,10
Moustache sculpin,one_class,200,10,8,10,10,8,10
Moustache sculpin,one_class,210,10,8,10,10,8,10
Moustache sculpin,one_class,220,10,8,10,10,8,10
Moustache sculpin,one_class,230,10,8,10,10,8,10
Moustache sculpin,one_class,240,10,8,10,10,8,10
Moustache sculpin,one_class,250,10,8,10,10,8,10
Northern sand lance,one_class,10,4,2,4,4,2,4
Northern sand lance,one_class,20,4,2,4,4,2,4
Northern sand lance,one_class,30,4,2,4,4,2,4
Northern sand lance,one_class,40,4,2,4,4,2,4
Northern sand lance,one_class,50,4,2,4,4,2,4
Northern sand lance,one_class,60,4,2,4,4,2,4
Northern sand lance,one_class,70,4,2,4,4,2,4
Northern sand lance,one_class,80,4,2,4,4,2,4
Northern sand lance,one_class,90,4,2,4,4,2,4
Northern sand lance,one_class,100,4,2,4,4,2,4
Northern sand lance,one_class,110,4,2,4,4,2,4
Northern sand lance,one_class,120,4,2,4,4,2,4
Northern sand lance,one_class,130,4,2,4,4,2,4
Northern sand lance,one_class,140,4,2,4,4,2,4
Northern sand lance,one_class,150,4,2,4,4,2,4
Northern sand lance,one_class,160,4,2,4,4,2,4
Northern sand lance,one_class,170,4,2,4,4,2,4
Northern sand lance,one_class,180,4,2,4,4,2,4
Northern sand lance,one_class,190,4,2,4,4,2,4
Northern sand lance,one_class,200,4,2,4,4,2,4
Northern sand lance,one_class,210,4,2,4,4,2,4
Northern sand lance,one_class,220,4,2,4,4,2,4
Northern sand lance,one_class,230,4,2,4,4,2,4
Northern sand lance,one_class,240,4,2,4,4,2,4
Northern sand lance,one_class,250,4,2,4,4,2,4
Rainbow smelt,adult,10,10,8,10,10,8,10
Rainbow smelt,adult,20,10,8,10,10,8,10
Rainbow smelt,adult,30,10,8,10,10,8,10
Rainbow smelt,adult,40,10,8,10,10,8,10
Rainbow smelt,adult,50,10,8,10,10,8,10
Rainbow smelt,adult,60,10,8,10,10,8,10
Rainbow smelt,adult,70,10,8,10,10,8,10
Rainbow smelt,adult,80,10,8,10,10,8,10
Rainbow smelt,adult,90,10,8,10,10,8,10
Rainbow smelt,adult,100,10,8,10,10,8,10
Rainbow smelt,adult,110,10,8,10,10,8,10
Rainbow smelt,adult,120,10,8,10,10,8,10
Rainbow smelt,adult,130,10,8,10,10,8,10
Rainbow smelt,adult,140,10,8,10,10,8,10
Rainbow smelt,adult,150,10,8,10,10,8,10
Rainbow smelt,adult,160,10,8,10,10,8,10
Rainbow smelt,adult,170,10,8,10,10,8,10
Rainbow smelt,adult,180,10,8,10,10,8,10
Rainbow smelt,adult,190,10,8,10,10,8,10
Rainbow smelt,adult,200,10,8,10,10,8,10
Rainbow smelt,adult,210,10,8,10,10,8,10
Rainbow smelt,adult,220,10,8,10,10,8,10
Rainbow smelt,adult,230,10,8,10,10,8,10
Rainbow smelt,adult,240,10,8,10,10,8,10
Rainbow smelt,adult,250,10,8,10,10,8,10
Rainbow smelt,juvenile,10,2,0,2,2,0,2
Rainbow smelt,juvenile,20,2,0,2,2,0,2
Rainbow smelt,juvenile,30,2,0,2,2,0,2
Rainbow smelt,juvenile,40,2,0,2,2,0,2
Rainbow smelt,juvenile,50,2,0,2,2,0,2
Rainbow smelt,juvenile,60,2,0,2,2,0,2
Rainbow smelt,juvenile,70,2,0,2,2,0,2
Rainbow smelt,juvenile,80,2,0,2,2,0,2
Rainbow smelt,juvenile,90,2,0,2,2,0,2
Rainbow smelt,juvenile,100,2,0,2,2,0,2
Rainbow smelt,juvenile,110,2,0,2,2,0,2
Rainbow smelt,juvenile,120,2,0,2,2,0,2
Rainbow smelt,juvenile,130,2,0,2,2,0,2
Rainbow smelt,juvenile,140,2,0,2,2,0,2
Rainbow smelt,juvenile,150,2,0,2,2,0,2
Rainbow smelt,juvenile,160,2,0,2,2,0,2
Rainbow smelt,juvenile,170,2,0,2,2,0,2
Rainbow smelt,juvenile,180,2,0,2,2,0,2
Rainbow smelt,juvenile,190,2,0,2,2,0,2
Rainbow smelt,juvenile,200,2,0,2,2,0,2
Rainbow smelt,juvenile,210,2,0,2,2,0,2
Rainbow smelt,juvenile,220,2,0,2,2,0,2
Rainbow smelt,juvenile,230,2,0,2,2,0,2
Rainbow smelt,juvenile,240,2,0,2,2,0,2
Rainbow smelt,juvenile,250,2,0,2,2,0,2
Redfish unidentified,adult,10,10,8,10,10,8,10
Redfish unidentified,adult,20,10,8,10,10,8,10
Redfish unidentified,adult,30,10,8,10,10,8,10
Redfish unidentified,adult,40,10,8,10,10,8,10
Redfish unidentified,adult,50,10,8,10,10,8,10
Redfish unidentified,adult,60,10,8,10,10,8,10
Redfish unidentified,adult,70,10,8,10,10,8,10
Redfish unidentified,adult,80,10,8,10,10,8,10
Redfish unidentified,adult,90,10,8,10,10,8,10
Redfish unidentified,adult,100,10,8,10,10,8,10
Redfish unidentified,adult,110,10,8,10,10,8,10
Redfish unidentified,adult,120,10,8,10,10,8,10
Redfish unidentified,adult,130,10,8,10,10,8,10
Redfish unidentified,adult,140,10,8,10,10,8,10
Redfish unidentified,adult,150,10,8,10,10,8,10
Redfish unidentified,adult,160,10,8,10,10,8,10
Redfish unidentified,adult,170,10,8,10,10,8,10
Redfish unidentified,adult,180,10,8,10,10,8,10
Redfish unidentified,adult,190,10,8,10,10,8,10
Redfish unidentified,adult,200,10,8,10,10,8,10
Redfish unidentified,adult,210,10,8,10,10,8,10
Redfish unidentified,adult,220,10,8,10,10,8,10
Redfish unidentified,adult,230,10,8,10,10,8,10
Redfish unidentified,adult,240,10,8,10,10,8,10
Redfish unidentified,adult,250,10,8,10,10,8,10
Redfish unidentified,juvenile,10,8,6,8,8,6,8
Redfish unidentified,juvenile,20,8,6,8,8,6,8
Redfish unidentified,juvenile,30,8,6,8,8,6,8
Redfish unidentified,juvenile,40,8,6,8,8,6,8
Redfish unidentified,juvenile,50,8,6,8,8,6,8
Redfish unidentified,juvenile,60,8,6,8,8,6,8
Redfish unidentified,juvenile,70,8,6,8,8,6,8
Redfish unidentified,juvenile,80,8,6,8,8,6,8
Redfish unidentified,juvenile,90,8,6,8,8,6,8
Redfish unidentified,juvenile,100,8,6,8,8,6,8
Redfish unidentified,juvenile,110,8,6,8,8,6,8
Redfish unidentified,juvenile,120,8,6,8,8,6,8
Redfish unidentified,juvenile,130,8,6,8,8,6,8
Redfish unidentified,juvenile,140,8,6,8,8,6,8
Redfish unidentified,juvenile,150,8,6,8,8,6,8
Redfish unidentified,juvenile,160,8,6,8,8,6,8
Redfish unidentified,juvenile,170,8,6,8,8,6,8
Redfish unidentified,juvenile,180,8,6,8,8,6,8
Redfish unidentified,juvenile,190,8,6,8,8,6,8
Redfish unidentified,juvenile,200,8,6,8,8,6,8
Redfish unidentified,juvenile,210,8,6,8,8,6,8
Redfish unidentified,juvenile,220,8,6,8,8,6,8
Redfish unidentified,juvenile,230,8,6,8,8,6,8
Redfish unidentified,juvenile,240,8,6,8,8,6,8
Redfish unidentified,juvenile,250,8,6,8,8,6,8
Sea raven,one_class,10,10,8,10,10,8,10
Sea raven,one_class,20,10,8,10,10,8,10
Sea raven,one_class,30,10,8,10,10,8,10
Sea raven,one_class,40,10,8,10,10,8,10
Sea raven,one_class,50,10,8,10,10,8,10
Sea raven,one_class,60,10,8,10,10,8,10
Sea raven,one_class,70,10,8,10,10,8,10
Sea raven,one_class,80,10,8,10,10,8,10
Sea raven,one_class,90,10,8,10,10,8,10
Sea raven,one_class,100,10,8,10,10,8,10
Sea raven,one_class,110,10,8,10,10,8,10
Sea raven,one_class,120,10,8,10,10,8,10
Sea raven,one_class,130,10,8,10,10,8,10
Sea raven,one_class,140,10,8,10,10,8,10
Sea raven,one_class,150,10,8,10,10,8,10
Sea raven,one_class,160,10,8,10,10,8,10
Sea raven,one_class,170,10,8,10,10,8,10
Sea raven,one_class,180,10,8,10,10,8,10
Sea raven,one_class,190,10,8,10,10,8,10
Sea raven,one_class,200,10,8,10,10,8,10
Sea raven,one_class,210,10,8,10,10,8,10
Sea raven,one_class,220,10,8,10,10,8,10
Sea raven,one_class,230,10,8,10,10,8,10
Sea raven,one_class,240,10,8,10,10,8,10
Sea raven,one_class,250,10,8,10,10,8,10
Shorthorn sculpin,adult,10,10,8,10,10,8,10
Shorthorn sculpin,adult,20,10,8,10,10,8,10
Shorthorn sculpin,adult,30,10,8,10,10,8,10
Shorthorn sculpin,adult,40,10,8,10,10,8,10
Shorthorn sculpin,adult,50,10,8,10,10,8,10
Shorthorn sculpin,adult,60,10,8,10,10,8,10
Shorthorn sculpin,adult,70,10,8,10,10,8,10
Shorthorn sculpin,adult,80,10,8,10,10,8,10
Shorthorn sculpin,adult,90,10,8,10,10,8,10
Shorthorn sculpin,adult,100,10,8,10,10,8,10
Shorthorn sculpin,adult,110,10,8,10,10,8,10
Shorthorn sculpin,adult,120,10,8,10,10,8,10
Shorthorn sculpin,adult,130,10,8,10,10,8,10
Shorthorn sculpin,adult,140,10,8,10,10,8,10
Shorthorn sculpin,adult,150,10,8,10,10,8,10
Shorthorn sculpin,adult,160,10,8,10,10,8,10
Shorthorn sculpin,adult,170,10,8,10,10,8,10
Shorthorn sculpin,adult,180,10,8,10,10,8,10
Shorthorn sculpin,adult,190,10,8,10,10,8,10
Shorthorn sculpin,adult,200,10,8,10,10,8,10
Shorthorn sculpin,adult,210,10,8,10,10,8,10
Shorthorn sculpin,adult,220,10,8,10,10,8,10
Shorthorn sculpin,adult,230,10,8,10,10,8,10
Shorthorn sculpin,adult,240,10,8,10,10,8,10
Shorthorn sculpin,adult,250,10,8,10,10,8,10
Shorthorn sculpin,juvenile,10,2,0,2,2,0,2
Shorthorn sculpin,juvenile,20,2,0,2,2,0,2
Shorthorn sculpin,juvenile,30,2,0,2,2,0,2
Shorthorn sculpin,juvenile,40,2,0,2,2,0,2
Shorthorn sculpin,juvenile,50,2,0,2,2,0,2
Shorthorn sculpin,juvenile,60,2,0,2,2,0,2
Shorthorn sculpin,juvenile,70,2,0,2,2,0,2
Shorthorn sculpin,juvenile,80,2,0,2,2,0,2
Shorthorn sculpin,juvenile,90,2,0,2,2,0,2
Shorthorn sculpin,juvenile,100,2,0,2,2,0,2
Shorthorn sculpin,juvenile,110,2,0,2,2,0,2
Shorthorn sculpin,juvenile,120,2,0,2,2,0,2
Shorthorn sculpin,juvenile,130,2,0,2,2,0,2
Shorthorn sculpin,juvenile,140,2,0,2,2,0,2
Shorthorn sculpin,juvenile,150,2,0,2,2,0,2
Shorthorn sculpin,juvenile,160,2,0,2,2,0,2
Shorthorn sculpin,juvenile,170,2,0,2,2,0,2
Shorthorn sculpin,juvenile,180,2,0,2,2,0,2
Shorthorn sculpin,juvenile,190,2,0,2,2,0,2
Shorthorn sculpin,juvenile,200,2,0,2,2,0,2
Shorthorn sculpin,juvenile,210,2,0,2,2,0,2
Shorthorn sculpin,juvenile,220,2,0,2,2,0,2
Shorthorn sculpin,juvenile,230,2,0,2,2,0,2
Shorthorn sculpin,juvenile,240,2,0,2,2,0,2
Shorthorn sculpin,juvenile,250,2,0,2,2,0,2
Smooth skate,juvenile,10,10,8,10,10,8,10
Smooth skate,juvenile,20,10,8,10,10,8,10
Smooth skate,juvenile,30,10,8,10,10,8,10
Smooth skate,juvenile,40,10,8,10,10,8,10
Smooth skate,juvenile,50,10,8,10,10,8,10
Smooth skate,juvenile,60,10,8,10,10,8,10
Smooth skate,juvenile,70,10,8,10,10,8,10
Smooth skate,juvenile,80,10,8,10,10,8,10
Smooth skate,juvenile,90,10,8,10,10,8,10
Smooth skate,juvenile,100,10,8,10,10,8,10
Smooth skate,juvenile,110,10,8,10,10,8,10
Smooth skate,juvenile,120,10,8,10,10,8,10
Smooth skate,juvenile,130,10,8,10,10,8,10
Smooth skate,juvenile,140,10,8,10,10,8,10
Smooth skate,juvenile,150,10,8,10,10,8,10
Smooth skate,juvenile,160,10,8,10,10,8,10
Smooth skate,juvenile,170,10,8,10,10,8,10
Smooth skate,juvenile,180,10,8,10,10,8,10
Smooth skate,juvenile,190,10,8,10,10,8,10
Smooth skate,juvenile,200,10,8,10,10,8,10
Smooth skate,juvenile,210,10,8,10,10,8,10
Smooth skate,juvenile,220,10,8,10,10,8,10
Smooth skate,juvenile,230,10,8,10,10,8,10
Smooth skate,juvenile,240,10,8,10,10,8,10
Smooth skate,juvenile,250,10,8,10,10,8,10
Snakeblenny,adult,10,10,8,10,10,8,10
Snakeblenny,adult,20,10,8,10,10,8,10
Snakeblenny,adult,30,10,8,10,10,8,10
Snakeblenny,adult,40,10,8,10,10,8,10
Snakeblenny,adult,50,10,8,10,10,8,10
Snakeblenny,adult,60,10,8,10,10,8,10
Snakeblenny,adult,70,10,8,10,10,8,10
Snakeblenny,adult,80,10,8,10,10,8,10
Snakeblenny,adult,90,10,8,10,10,8,10
Snakeblenny,adult,100,10,8,10,10,8,10
Snakeblenny,adult,110,10,8,10,10,8,10
Snakeblenny,adult,120,10,8,10,10,8,10
Snakeblenny,adult,130,10,8,10,10,8,10
Snakeblenny,adult,140,10,8,10,10,8,10
Snakeblenny,adult,150,10,8,10,10,8,10
Snakeblenny,adult,160,10,8,10,10,8,10
Snakeblenny,adult,170,10,8,10,10,8,10
Snakeblenny,adult,180,10,8,10,10,8,10
Snakeblenny,adult,190,10,8,10,10,8,10
Snakeblenny,adult,200,10,8,10,10,8,10
Snakeblenny,adult,210,10,8,10,10,8,10
Snakeblenny,adult,220,10,8,10,10,8,10
Snakeblenny,adult,230,10,8,10,10,8,10
Snakeblenny,adult,240,10,8,10,10,8,10
Snakeblenny,adult,250,10,8,10,10,8,10
Snakeblenny,juvenile,10,4,4,4,4,4,4
Snakeblenny,juvenile,20,4,4,4,4,4,4
Snakeblenny,juvenile,30,4,4,4,4,4,4
Snakeblenny,juvenile,40,4,4,4,4,4,4
Snakeblenny,juvenile,50,4,4,4,4,4,4
Snakeblenny,juvenile,60,4,4,4,4,4,4
Snakeblenny,juvenile,70,4,4,4,4,4,4
Snakeblenny,juvenile,80,4,4,4,4,4,4
Snakeblenny,juvenile,90,4,4,4,4,4,4
Snakeblenny,juvenile,100,4,4,4,4,4,4
Snakeblenny,juvenile,110,4,4,4,4,4,4
Snakeblenny,juvenile,120,4,4,4,4,4,4
Snakeblenny,juvenile,130,4,4,4,4,4,4
Snakeblenny,juvenile,140,4,4,4,4,4,4
Snakeblenny,juvenile,150,4,4,4,4,4,4
Snakeblenny,juvenile,160,4,4,4,4,4,4
Snakeblenny,juvenile,170,4,4,4,4,4,4
Snakeblenny,juvenile,180,4,4,4,4,4,4
Snakeblenny,juvenile,190,4,4,4,4,4,4
Snakeblenny,juvenile,200,4,4,4,4,4,4
Snakeblenny,juvenile,210,4,4,4,4,4,4
Snakeblenny,juvenile,220,4,4,4,4,4,4
Snakeblenny,juvenile,230,4,4,4,4,4,4
Snakeblenny,juvenile,240,4,4,4,4,4,4
Snakeblenny,juvenile,250,4,4,4,4,4,4
Spatulate sculpin,one_class,10,10,8,10,10,8,10
Spatulate sculpin,one_class,20,10,8,10,10,8,10
Spatulate sculpin,one_class,30,10,8,10,10,8,10
Spatulate sculpin,one_class,40,10,8,10,10,8,10
Spatulate sculpin,one_class,50,10,8,10,10,8,10
Spatulate sculpin,one_class,60,10,8,10,10,8,10
Spatulate sculpin,one_class,70,10,8,10,10,8,10
Spatulate sculpin,one_class,80,10,8,10,10,8,10
Spatulate sculpin,one_class,90,10,8,10,10,8,10
Spatulate sculpin,one_class,100,10,8,10,10,8,10
Spatulate sculpin,one_class,110,10,8,10,10,8,10
Spatulate sculpin,one_class,120,10,8,10,10,8,10
Spatulate sculpin,one_class,130,10,8,10,10,8,10
Spatulate sculpin,one_class,140,10,8,10,10,8,10
Spatulate sculpin,one_class,150,10,8,10,10,8,10
Spatulate sculpin,one_class,160,10,8,10,10,8,10
Spatulate sculpin,one_class,170,10,8,10,10,8,10
Spatulate sculpin,one_class,180,10,8,10,10,8,10
Spatulate sculpin,one_class,190,10,8,10,10,8,10
Spatulate sculpin,one_class,200,10,8,10,10,8,10
Spatulate sculpin,one_class,210,10,8,10,10,8,10
Spatulate sculpin,one_class,220,10,8,10,10,8,10
Spatulate sculpin,one_class,230,10,8,10,10,8,10
Spatulate sculpin,one_class,240,10,8,10,10,8,10
Spatulate sculpin,one_class,250,10,8,10,10,8,10
Stout eelblenny,one_class,10,10,8,10,10,8,10
Stout eelblenny,one_class,20,10,8,10,10,8,10
Stout eelblenny,one_class,30,10,8,10,10,8,10
Stout eelblenny,one_class,40,10,8,10,10,8,10
Stout eelblenny,one_class,50,10,8,10,10,8,10
Stout eelblenny,one_class,60,10,8,10,10,8,10
Stout eelblenny,one_class,70,10,8,10,10,8,10
Stout eelblenny,one_class,80,10,8,10,10,8,10
Stout eelblenny,one_class,90,10,8,10,10,8,10
Stout eelblenny,one_class,100,10,8,10,10,8,10
Stout eelblenny,one_class,110,10,8,10,10,8,10
Stout eelblenny,one_class,120,10,8,10,10,8,10
Stout eelblenny,one_class,130,10,8,10,10,8,10
Stout eelblenny,one_class,140,10,8,10,10,8,10
Stout eelblenny,one_class,150,10,8,10,10,8,10
Stout eelblenny,one_class,160,10,8,10,10,8,10
Stout eelblenny,one_class,170,10,8,10,10,8,10
Stout eelblenny,one_class,180,10,8,10,10,8,10
Stout eelblenny,one_class,190,10,8,10,10,8,10
Stout eelblenny,one_class,200,10,8,10,10,8,10
Stout eelblenny,one_class,210,10,8,10,10,8,10
Stout eelblenny,one_class,220,10,8,10,10,8,10
Stout eelblenny,one_class,230,10,8,10,10,8,10
Stout eelblenny,one_class,240,10,8,10,10,8,10
Stout eelblenny,one_class,250,10,8,10,10,8,10
Thorny skate,adult,10,4,4,4,4,4,4
Thorny skate,adult,20,4,4,4,4,4,4
Thorny skate,adult,30,4,4,4,4,4,4
Thorny skate,adult,40,4,4,4,4,4,4
Thorny skate,adult,50,4,4,4,4,4,4
Thorny skate,adult,60,4,4,4,4,4,4
Thorny skate,adult,70,4,4,4,4,4,4
Thorny skate,adult,80,4,4,4,4,4,4
Thorny skate,adult,90,4,4,4,4,4,4
Thorny skate,adult,100,4,4,4,4,4,4
Thorny skate,adult,110,4,4,4,4,4,4
Thorny skate,adult,120,4,4,4,4,4,4
Thorny skate,adult,130,4,4,4,4,4,4
Thorny skate,adult,140,4,4,4,4,4,4
Thorny skate,adult,150,4,4,4,4,4,4
Thorny skate,adult,160,4,4,4,4,4,4
Thorny skate,adult,170,4,4,4,4,4,4
Thorny skate,adult,180,4,4,4,4,4,4
Thorny skate,adult,190,4,4,4,4,4,4
Thorny skate,adult,200,4,4,4,4,4,4
Thorny skate,adult,210,4,4,4,4,4,4
Thorny skate,adult,220,4,4,4,4,4,4
Thorny skate,adult,230,4,4,4,4,4,4
Thorny skate,adult,240,4,4,4,4,4,4
Thorny skate,adult,250,4,4,4,4,4,4
Thorny skate,juvenile,10,10,8,10,10,8,10
Thorny skate,juvenile,20,10,8,10,10,8,10
Thorny skate,juvenile,30,10,8,10,10,8,10
Thorny skate,juvenile,40,10,8,10,10,8,10
Thorny skate,juvenile,50,10,8,10,10,8,10
Thorny skate,juvenile,60,10,8,10,10,8,10
Thorny skate,juvenile,70,10,8,10,10,8,10
Thorny skate,juvenile,80,10,8,10,10,8,10
Thorny skate,juvenile,90,10,8,10,10,8,10
Thorny skate,juvenile,100,10,8,10,10,8,10
Thorny skate,juvenile,110,10,8,10,10,8,10
Thorny skate,juvenile,120,10,8,10,10,8,10
Thorny skate,juvenile,130,10,8,10,10,8,10
Thorny skate,juvenile,140,10,8,10,10,8,10
Thorny skate,juvenile,150,10,8,10,10,8,10
Thorny skate,juvenile,160,10,8,10,10,8,10
Thorny skate,juvenile,170,10,8,10,10,8,10
Thorny skate,juvenile,180,10,8,10,10,8,10
Thorny skate,juvenile,190,10,8,10,10,8,10
Thorny skate,juvenile,200,10,8,10,10,8,10
Thorny skate,juvenile,210,10,8,10,10,8,10
Thorny skate,juvenile,220,10,8,10,10,8,10
Thorny skate,juvenile,230,10,8,10,10,8,10
Thorny skate,juvenile,240,10,8,10,10,8,10
Thorny skate,juvenile,250,10,8,10,10,8,10
Three-spined stickleback,adult,10,10,8,10,10,8,10
Three-spined stickleback,adult,20,10,8,10,10,8,10
Three-spined stickleback,adult,30,10,8,10,10,8,10
Three-spined stickleback,adult,40,10,8,10,10,8,10
Three-spined stickleback,adult,50,10,8,10,10,8,10
Three-spined stickleback,adult,60,10,8,10,10,8,10
Three-spined stickleback,adult,70,10,8,10,10,8,10
Three-spined stickleback,adult,80,10,8,10,10,8,10
Three-spined stickleback,adult,90,10,8,10,10,8,10
Three-spined stickleback,adult,100,10,8,10,10,8,10
Three-spined stickleback,adult,110,10,8,10,10,8,10
Three-spined stickleback,adult,120,10,8,10,10,8,10
Three-spined stickleback,adult,130,10,8,10,10,8,10
Three-spined stickleback,adult,140,10,8,10,10,8,10
Three-spined stickleback,adult,150,10,8,10,10,8,10
Three-spined stickleback,adult,160,10,8,10,10,8,10
Three-spined stickleback,adult,170,10,8,10,10,8,10
Three-spined stickleback,adult,180,10,8,10,10,8,10
Three-spined stickleback,adult,190,10,8,10,10,8,10
Three-spined stickleback,adult,200,10,8,10,10,8,10
Three-spined stickleback,adult,210,10,8,10,10,8,10
Three-spined stickleback,adult,220,10,8,10,10,8,10
Three-spined stickleback,adult,230,10,8,10,10,8,10
Three-spined stickleback,adult,240,10,8,10,10,8,10
Three-spined stickleback,adult,250,10,8,10,10,8,10
Three-spined stickleback,juvenile,10,4,2,4,4,2,4
Three-spined stickleback,juvenile,20,4,2,4,4,2,4
Three-spined stickleback,juvenile,30,4,2,4,4,2,4
Three-spined stickleback,juvenile,40,4,2,4,4,2,4
Three-spined stickleback,juvenile,50,4,2,4,4,2,4
Three-spined stickleback,juvenile,60,4,2,4,4,2,4
Three-spined stickleback,juvenile,70,4,2,4,4,2,4
Three-spined stickleback,juvenile,80,4,2,4,4,2,4
Three-spined stickleback,juvenile,90,4,2,4,4,2,4
Three-spined stickleback,juvenile,100,4,2,4,4,2,4
Three-spined stickleback,juvenile,110,4,2,4,4,2,4
Three-spined stickleback,juvenile,120,4,2,4,4,2,4
Three-spined stickleback,juvenile,130,4,2,4,4,2,4
Three-spined stickleback,juvenile,140,4,2,4,4,2,4
Three-spined stickleback,juvenile,150,4,2,4,4,2,4
Three-spined stickleback,juvenile,160,4,2,4,4,2,4
Three-spined stickleback,juvenile,170,4,2,4,4,2,4
Three-spined stickleback,juvenile,180,4,2,4,4,2,4
Three-spined stickleback,juvenile,190,4,2,4,4,2,4
Three-spined stickleback,juvenile,200,4,2,4,4,2,4
Three-spined stickleback,juvenile,210,4,2,4,4,2,4
Three-spined stickleback,juvenile,220,4,2,4,4,2,4
Three-spined stickleback,juvenile,230,4,2,4,4,2,4
Three-spined stickleback,juvenile,240,4,2,4,4,2,4
Three-spined stickleback,juvenile,250,4,2,4,4,2,4
Vahl's eelpout,one_class,10,8,6,8,8,6,8
Vahl's eelpout,one_class,20,8,6,8,8,6,8
Vahl's eelpout,one_class,30,8,6,8,8,6,8
Vahl's eelpout,one_class,40,8,6,8,8,6,8
Vahl's eelpout,one_class,50,8,6,8,8,6,8
Vahl's eelpout,one_class,60,8,6,8,8,6,8
Vahl's eelpout,one_class,70,8,6,8,8,6,8
Vahl's eelpout,one_class,80,8,6,8,8,6,8
Vahl's eelpout,one_class,90,8,6,8,8,6,8
Vahl's eelpout,one_class,100,8,6,8,8,6,8
Vahl's eelpout,one_class,110,8,6,8,8,6,8
Vahl's eelpout,one_class,120,8,6,8,8,6,8
Vahl's eelpout,one_class,130,8,6,8,8,6,8
Vahl's eelpout,one_class,140,8,6,8,8,6,8
Vahl's eelpout,one_class,150,8,6,8,8,6,8
Vahl's eelpout,one_class,160,8,6,8,8,6,8
Vahl's eelpout,one_class,170,8,6,8,8,6,8
Vahl's eelpout,one_class,180,8,6,8,8,6,8
Vahl's eelpout,one_class,190,8,6,8,8,6,8
Vahl's eelpout,one_class,200,8,6,8,8,6,8
Vahl's eelpout,one_class,210,8,6,8,8,6,8
Vahl's eelpout,one_class,220,8,6,8,8,6,8
Vahl's eelpout,one_class,230,8,6,8,8,6,8
Vahl's eelpout,one_class,240,8,6,8,8,6,8
Vahl's eelpout,one_class,250,8,6,8,8,6,8
White hake,adult,10,10,8,10,10,8,10
White hake,adult,20,10,8,10,10,8,10
White hake,adult,30,10,8,10,10,8,10
White hake,adult,40,10,8,10,10,8,10
White hake,adult,50,10,8,10,10,8,10
White hake,adult,60,10,8,10,10,8,10
White hake,adult,70,10,8,10,10,8,10
White hake,adult,80,10,8,10,10,8,10
White hake,adult,90,10,8,10,10,8,10
White hake,adult,100,10,8,10,10,8,10
White hake,adult,110,10,8,10,10,8,10
White hake,adult,120,10,8,10,10,8,10
White hake,adult,130,10,8,10,10,8,10
White hake,adult,140,10,8,10,10,8,10
White hake,adult,150,10,8,10,10,8,10
White hake,adult,160,10,8,10,10,8,10
White hake,adult,170,10,8,10,10,8,10
White hake,adult,180,10,8,10,10,8,10
White hake,adult,190,10,8,10,10,8,10
White hake,adult,200,10,8,10,10,8,10
White hake,adult,210,10,8,10,10,8,10
White hake,adult,220,10,8,10,10,8,10
White hake,adult,230,10,8,10,10,8,10
White hake,adult,240,10,8,10,10,8,10
White hake,adult,250,10,8,10,10,8,10
White hake,juvenile,10,10,8,10,10,8,10
White hake,juvenile,20,10,8,10,10,8,10
White hake,juvenile,30,10,8,10,10,8,10
White hake,juvenile,40,10,8,10,10,8,10
White hake,juvenile,50,10,8,10,10,8,10
White hake,juvenile,60,10,8,10,10,8,10
White hake,juvenile,70,10,8,10,10,8,10
White hake,juvenile,80,10,8,10,10,8,10
White hake,juvenile,90,10,8,10,10,8,10
White hake,juvenile,100,10,8,10,10,8,10
White hake,juvenile,110,10,8,10,10,8,10
White hake,juvenile,120,10,8,10,10,8,10
White hake,juvenile,130,10,8,10,10,8,10
White hake,juvenile,140,10,8,10,10,8,10
White hake,juvenile,150,10,8,10,10,8,10
White hake,juvenile,160,10,8,10,10,8,10
White hake,juvenile,170,10,8,10,10,8,10
White hake,juvenile,180,10,8,10,10,8,10
White hake,juvenile,190,10,8,10,10,8,10
White hake,juvenile,200,10,8,10,10,8,10
White hake,juvenile,210,10,8,10,10,8,10
White hake,juvenile,220,10,8,10,10,8,10
White hake,juvenile,230,10,8,10,10,8,10
White hake,juvenile,240,10,8,10,10,8,10
White hake,juvenile,250,10,8,10,10,8,10
Windowpane flounder,adult,10,0,2,4,0,2,4
Windowpane flounder,adult,20,0,2,4,0,2,4
Windowpane flounder,adult,30,0,2,4,0,2,4
Windowpane flounder,adult,40,0,2,4,0,2,4
Windowpane flounder,adult,50,0,2,4,0,2,4
Windowpane flounder,adult,60,0,2,4,0,2,4
Windowpane flounder,adult,70,0,2,4,0,2,4
Windowpane flounder,adult,80,0,2,4,0,2,4
Windowpane flounder,adult,90,0,2,4,0,2,4
Windowpane flounder,adult,100,0,2,4,0,2,4
Windowpane flounder,adult,110,0,2,4,0,2,4
Windowpane flounder,adult,120,0,2,4,0,2,4
Windowpane flounder,adult,130,0,2,4,0,2,4
Windowpane flounder,adult,140,0,2,4,0,2,4
Windowpane flounder,adult,150,0,2,4,0,2,4
Windowpane flounder,adult,160,0,2,4,0,2,4
Windowpane flounder,adult,170,0,2,4,0,2,4
Windowpane flounder,adult,180,0,2,4,0,2,4
Windowpane flounder,adult,190,0,2,4,0,2,4
Windowpane flounder,adult,200,0,2,4,0,2,4
Windowpane flounder,adult,210,0,2,4,0,2,4
Windowpane flounder,adult,220,0,2,4,0,2,4
Windowpane flounder,adult,230,0,2,4,0,2,4
Windowpane flounder,adult,240,0,2,4,0,2,4
Windowpane flounder,adult,250,0,2,4,0,2,4
Windowpane flounder,juvenile,10,0,8,10,0,8,10
Windowpane flounder,juvenile,20,0,8,10,0,8,10
Windowpane flounder,juvenile,30,0,8,10,0,8,10
Windowpane flounder,juvenile,40,0,8,10,0,8,10
Windowpane flounder,juvenile,50,0,8,10,0,8,10
Windowpane flounder,juvenile,60,0,8,10,0,8,10
Windowpane flounder,juvenile,70,0,8,10,0,8,10
Windowpane flounder,juvenile,80,0,8,10,0,8,10
Windowpane flounder,juvenile,90,0,8,10,0,8,10
Windowpane flounder,juvenile,100,0,8,10,0,8,10
Windowpane flounder,juvenile,110,0,8,10,0,8,10
Windowpane flounder,juvenile,120,0,8,10,0,8,10
Windowpane flounder,juvenile,130,0,8,10,0,8,10
Windowpane flounder,juvenile,140,0,8,10,0,8,10
Windowpane flounder,juvenile,150,0,8,10,0,8,10
Windowpane flounder,juvenile,160,0,8,10,0,8,10
Windowpane flounder,juvenile,170,0,8,10,0,8,10
Windowpane flounder,juvenile,180,0,8,10,0,8,10
Windowpane flounder,juvenile,190,0,8,10,0,8,10
Windowpane flounder,juvenile,200,0,8,10,0,8,10
Windowpane flounder,juvenile,210,0,8,10,0,8,10
Windowpane flounder,juvenile,220,0,8,10,0,8,10
Windowpane flounder,juvenile,230,0,8,10,0,8,10
Windowpane flounder,juvenile,240,0,8,10,0,8,10
Windowpane flounder,juvenile,250,0,8,10,0,8,10
Winter flounder,adult,10,10,8,10,10,8,10
Winter flounder,adult,20,10,8,10,10,8,10
Winter flounder,adult,30,10,8,10,10,8,10
Winter flounder,adult,40,10,8,10,10,8,10
Winter flounder,adult,50,10,8,10,10,8,10
Winter flounder,adult,60,10,8,10,10,8,10
Winter flounder,adult,70,10,8,10,10,8,10
Winter flounder,adult,80,10,8,10,10,8,10
Winter flounder,adult,90,10,8,10,10,8,10
Winter flounder,adult,100,10,8,10,10,8,10
Winter flounder,adult,110,10,8,10,10,8,10
Winter flounder,adult,120,10,8,10,10,8,10
Winter flounder,adult,130,10,8,10,10,8,10
Winter flounder,adult,140,10,8,10,10,8,10
Winter flounder,adult,150,10,8,10,10,8,10
Winter flounder,adult,160,10,8,10,10,8,10
Winter flounder,adult,170,10,8,10,10,8,10
Winter flounder,adult,180,10,8,10,10,8,10
Winter flounder,adult,190,10,8,10,10,8,10
Winter flounder,adult,200,10,8,10,10,8,10
Winter flounder,adult,210,10,8,10,10,8,10
Winter flounder,adult,220,10,8,10,10,8,10
Winter flounder,adult,230,10,8,10,10,8,10
Winter flounder,adult,240,10,8,10,10,8,10
Winter flounder,adult,250,10,8,10,10,8,10
Winter flounder,juvenile,10,10,8,10,10,8,10
Winter flounder,juvenile,20,10,8,10,10,8,10
Winter flounder,juvenile,30,10,8,10,10,8,10
Winter flounder,juvenile,40,10,8,10,10,8,10
Winter flounder,juvenile,50,10,8,10,10,8,10
Winter flounder,juvenile,60,10,8,10,10,8,10
Winter flounder,juvenile,70,10,8,10,10,8,10
Winter flounder,juvenile,80,10,8,10,10,8,10
Winter flounder,juvenile,90,10,8,10,10,8,10
Winter flounder,juvenile,100,10,8,10,10,8,10
Winter flounder,juvenile,110,10,8,10,10,8,10
Winter flounder,juvenile,120,10,8,10,10,8,10
Winter flounder,juvenile,130,10,8,10,10,8,10
Winter flounder,juvenile,140,10,8,10,10,8,10
Winter flounder,juvenile,150,10,8,10,10,8,10
Winter flounder,juvenile,160,10,8,10,10,8,10
Winter flounder,juvenile,170,10,8,10,10,8,10
Winter flounder,juvenile,180,10,8,10,10,8,10
Winter flounder,juvenile,190,10,8,10,10,8,10
Winter flounder,juvenile,200,10,8,10,10,8,10
Winter flounder,juvenile,210,10,8,10,10,8,10
Winter flounder,juvenile,220,10,8,10,10,8,10
Winter flounder,juvenile,230,10,8,10,10,8,10
Winter flounder,juvenile,240,10,8,10,10,8,10
Winter flounder,juvenile,250,10,8,10,10,8,10
Witch flounder,adult,10,10,8,10,10,8,10
Witch flounder,adult,20,10,8,10,10,8,10
Witch flounder,adult,30,10,8,10,10,8,10
Witch flounder,adult,40,10,8,10,10,8,10
Witch flounder,adult,50,10,8,10,10,8,10
Witch flounder,adult,60,10,8,10,10,8,10
Witch flounder,adult,70,10,8,10,10,8,10
Witch flounder,adult,80,10,8,10,10,8,10
Witch flounder,adult,90,10,8,10,10,8,10
Witch flounder,adult,100,10,8,10,10,8,10
Witch flounder,adult,110,10,8,10,10,8,10
Witch flounder,adult,120,10,8,10,10,8,10
Witch flounder,adult,130,10,8,10,10,8,10
Witch flounder,adult,140,10,8,10,10,8,10
Witch flounder,adult,150,10,8,10,10,8,10
Witch flounder,adult,160,10,8,10,10,8,10
Witch flounder,adult,170,10,8,10,10,8,10
Witch flounder,adult,180,10,8,10,10,8,10
Witch flounder,adult,190,10,8,10,10,8,10
Witch flounder,adult,200,10,8,10,10,8,10
Witch flounder,adult,210,10,8,10,10,8,10
Witch flounder,adult,220,10,8,10,10,8,10
Witch flounder,adult,230,10,8,10,10,8,10
Witch flounder,adult,240,10,8,10,10,8,10
Witch flounder,adult,250,10,8,10,10,8,10
Witch flounder,juvenile,10,10,8,10,10,8,10
Witch flounder,juvenile,20,10,8,10,10,8,10
Witch flounder,juvenile,30,10,8,10,10,8,10
Witch flounder,juvenile,40,10,8,10,10,8,10
Witch flounder,juvenile,50,10,8,10,10,8,10
Witch flounder,juvenile,60,10,8,10,10,8,10
Witch flounder,juvenile,70,10,8,10,10,8,10
Witch flounder,juvenile,80,10,8,10,10,8,10
Witch flounder,juvenile,90,10,8,10,10,8,10
Witch flounder,juvenile,100,10,8,10,10,8,10
Witch flounder,juvenile,110,10,8,10,10,8,10
Witch flounder,juvenile,120,10,8,10,10,8,10
Witch flounder,juvenile,130,10,8,10,10,8,10
Witch flounder,juvenile,140,10,8,10,10,8,10
Witch flounder,juvenile,150,10,8,10,10,8,10
Witch flounder,juvenile,160,10,8,10,10,8,10
Witch flounder,juvenile,170,10,8,10,10,8,10
Witch flounder,juvenile,180,10,8,10,10,8,10
Witch flounder,juvenile,190,10,8,10,10,8,10
Witch flounder,juvenile,200,10,8,10,10,8,10
Witch flounder,juvenile,210,10,8,10,10,8,10
Witch flounder,juvenile,220,10,8,10,10,8,10
Witch flounder,juvenile,230,10,8,10,10,8,10
Witch flounder,juvenile,240,10,8,10,10,8,10
Witch flounder,juvenile,250,10,8,10,10,8,10
Yellowtail flounder,adult,10,10,8,10,10,8,10
Yellowtail flounder,adult,20,10,8,10,10,8,10
Yellowtail flounder,adult,30,10,8,10,10,8,10
Yellowtail flounder,adult,40,10,8,10,10,8,10
Yellowtail flounder,adult,50,10,8,10,10,8,10
Yellowtail flounder,adult,60,10,8,10,10,8,10
Yellowtail flounder,adult,70,10,8,10,10,8,10
Yellowtail flounder,adult,80,10,8,10,10,8,10
Yellowtail flounder,adult,90,10,8,10,10,8,10
Yellowtail flounder,adult,100,10,8,10,10,8,10
Yellowtail flounder,adult,110,10,8,10,10,8,10
Yellowtail flounder,adult,120,10,8,10,10,8,10
Yellowtail flounder,adult,130,10,8,10,10,8,10
Yellowtail flounder,adult,140,10,8,10,10,8,10
Yellowtail flounder,adult,150,10,8,10,10,8,10
Yellowtail flounder,adult,160,10,8,10,10,8,10
Yellowtail flounder,adult,170,10,8,10,10,8,10
Yellowtail flounder,adult,180,10,8,10,10,8,10
Yellowtail flounder,adult,190,10,8,10,10,8,10
Yellowtail flounder,adult,200,10,8,10,10,8,10
Yellowtail flounder,adult,210,10,8,10,10,8,10
Yellowtail flounder,adult,220,10,8,10,10,8,10
Yellowtail flounder,adult,230,10,8,10,10,8,10
Yellowtail flounder,adult,240,10,8,10,10,8,10
Yellowtail flounder,adult,250,10,8,10,10,8,10
Yellowtail flounder,juvenile,10,10,8,10,10,8,10
Yellowtail flounder,juvenile,20,10,8,10,10,8,10
Yellowtail flounder,juvenile,30,10,8,10,10,8,10
Yellowtail flounder,juvenile,40,10,8,10,10,8,10
Yellowtail flounder,juvenile,50,10,8,10,10,8,10
Yellowtail flounder,juvenile,60,10,8,10,10,8,10
Yellowtail flounder,juvenile,70,10,8,10,10,8,10
Yellowtail flounder,juvenile,80,10,8,10,10,8,10
Yellowtail flounder,juvenile,90,10,8,10,10,8,10
Yellowtail flounder,juvenile,100,10,8,10,10,8,10
Yellowtail flounder,juvenile,110,10,8,10,10,8,10
Yellowtail flounder,juvenile,120,10,8,10,10,8,10
Yellowtail flounder,juvenile,130,10,8,10,10,8,10
Yellowtail flounder,juvenile,140,10,8,10,10,8,10
Yellowtail flounder,juvenile,150,10,8,10,10,8,10
Yellowtail flounder,juvenile,160,10,8,10,10,8,10
Yellowtail flounder,juvenile,170,10,8,10,10,8,10
Yellowtail flounder,juvenile,180,10,8,10,10,8,10
Yellowtail flounder,juvenile,190,10,8,10,10,8,10
Yellowtail flounder,juvenile,200,10,8,10,10,8,10
Yellowtail flounder,juvenile,210,10,8,10,10,8,10
Yellowtail flounder,juvenile,220,10,8,10,10,8,10
Yellowtail flounder,juvenile,230,10,8,10,10,8,10
Yellowtail flounder,juvenile,240,10,8,10,10,8,10
Yellowtail flounder,juvenile,250,10,8,10,10,8,10
