approach,scenario,mode,test,pct_mean,pct_sd,n_thresholds,n_cells_mean
per_predator,P1,biomass,p_comp,20,2.2,25,87.6
pooled_1,P1,biomass,p_comp,21.9,0.9,25,91
pooled_2,P1,biomass,p_comp,20.4,0.8,25,91
per_predator,P1,occurrence,p_comp,23.1,3.7,25,87.6
pooled_1,P1,occurrence,p_comp,31.1,1,25,91
pooled_2,P1,occurrence,p_comp,30.1,1.1,25,91
per_predator,P2,biomass,p_comp,11.3,3.4,25,57.9
pooled_1,P2,biomass,p_comp,19.2,1.6,25,62
pooled_2,P2,biomass,p_comp,19.2,1.9,25,62
per_predator,P2,occurrence,p_comp,12.6,2.7,25,57.9
pooled_1,P2,occurrence,p_comp,14.6,1.7,25,62
pooled_2,P2,occurrence,p_comp,14,1.7,25,62
per_predator,P3,biomass,p_comp,17.5,2,25,92.1
pooled_1,P3,biomass,p_comp,19.2,0.6,25,95
pooled_2,P3,biomass,p_comp,18.2,0.8,25,95
per_predator,P3,occurrence,p_comp,23.4,3.5,25,92.1
pooled_1,P3,occurrence,p_comp,30.4,1.1,25,95
pooled_2,P3,occurrence,p_comp,29.6,1,25,95
per_predator,P4,biomass,p_comp,47,6.1,25,71.6
pooled_1,P4,biomass,p_comp,62.6,2.5,25,75
pooled_2,P4,biomass,p_comp,60.9,2.5,25,75
per_predator,P4,occurrence,p_comp,57.4,11.6,25,71.6
pooled_1,P4,occurrence,p_comp,77.3,2,25,75
pooled_2,P4,occurrence,p_comp,77.4,2.1,25,75
per_predator,PT,biomass,p_comp,53.2,13.7,25,96.7
pooled_1,PT,biomass,p_comp,77.8,3.5,25,100
pooled_2,PT,biomass,p_comp,76.7,3.5,25,100
per_predator,PT,occurrence,p_comp,64.5,13.1,25,96.7
pooled_1,PT,occurrence,p_comp,85.2,2.3,25,100
pooled_2,PT,occurrence,p_comp,85.6,1.8,25,100
per_predator,P1,biomass,p_H,16.7,1.3,25,87.6
pooled_1,P1,biomass,p_H,17.5,0.7,25,91
pooled_2,P1,biomass,p_H,17.9,0.9,25,91
per_predator,P1,occurrence,p_H,12.7,2.5,25,87.6
pooled_1,P1,occurrence,p_H,11.7,0.5,25,91
pooled_2,P1,occurrence,p_H,10.6,0.9,25,91
per_predator,P2,biomass,p_H,21.6,3.4,25,57.9
pooled_1,P2,biomass,p_H,27,1.9,25,62
pooled_2,P2,biomass,p_H,27,1.9,25,62
per_predator,P2,occurrence,p_H,12.1,4.6,25,57.9
pooled_1,P2,occurrence,p_H,9.5,1.3,25,62
pooled_2,P2,occurrence,p_H,10.6,0.8,25,62
per_predator,P3,biomass,p_H,17.2,3.2,25,92.1
pooled_1,P3,biomass,p_H,15.1,0.5,25,95
pooled_2,P3,biomass,p_H,15.7,0.7,25,95
per_predator,P3,occurrence,p_H,8.6,2.4,25,92.1
pooled_1,P3,occurrence,p_H,11.9,0.7,25,95
pooled_2,P3,occurrence,p_H,11.2,0.5,25,95
per_predator,P4,biomass,p_H,20.2,2.7,25,71.6
pooled_1,P4,biomass,p_H,26.3,0.7,25,75
pooled_2,P4,biomass,p_H,26.7,0.9,25,75
per_predator,P4,occurrence,p_H,12.7,2.3,25,71.6
pooled_1,P4,occurrence,p_H,26.7,1.5,25,75
pooled_2,P4,occurrence,p_H,25.9,1.4,25,75
per_predator,PT,biomass,p_H,19.4,3,25,96.7
pooled_1,PT,biomass,p_H,30,2.4,25,100
pooled_2,PT,biomass,p_H,29.7,2.9,25,100
per_predator,PT,occurrence,p_H,15.5,2.5,25,96.7
pooled_1,PT,occurrence,p_H,28.4,1.4,25,100
pooled_2,PT,occurrence,p_H,31.6,1.7,25,100
per_predator,P1,biomass,p_Bs,9.2,1.6,25,87.6
pooled_1,P1,biomass,p_Bs,10.8,0.5,25,91
pooled_2,P1,biomass,p_Bs,10.7,0.5,25,91
per_predator,P1,occurrence,p_Bs,13.8,1.5,25,87.6
pooled_1,P1,occurrence,p_Bs,12.5,0.5,25,91
pooled_2,P1,occurrence,p_Bs,12.5,0.5,25,91
per_predator,P2,biomass,p_Bs,8.1,1.1,25,57.9
pooled_1,P2,biomass,p_Bs,6.5,0.3,25,62
pooled_2,P2,biomass,p_Bs,6.5,0.3,25,62
per_predator,P2,occurrence,p_Bs,10.8,1.6,25,57.9
pooled_1,P2,occurrence,p_Bs,8.4,0.7,25,62
pooled_2,P2,occurrence,p_Bs,8.4,0.7,25,62
per_predator,P3,biomass,p_Bs,8.9,1.4,25,92.1
pooled_1,P3,biomass,p_Bs,9.5,0.2,25,95
pooled_2,P3,biomass,p_Bs,9.2,0.5,25,95
per_predator,P3,occurrence,p_Bs,11.8,1.7,25,92.1
pooled_1,P3,occurrence,p_Bs,10.9,1,25,95
pooled_2,P3,occurrence,p_Bs,11.2,1,25,95
per_predator,P4,biomass,p_Bs,14.3,2.1,25,71.6
pooled_1,P4,biomass,p_Bs,17.7,0.6,25,75
pooled_2,P4,biomass,p_Bs,17.3,0,25,75
per_predator,P4,occurrence,p_Bs,12.5,1.3,25,71.6
pooled_1,P4,occurrence,p_Bs,11.7,0.6,25,75
pooled_2,P4,occurrence,p_Bs,10.4,0.5,25,75
per_predator,PT,biomass,p_Bs,14.5,1.1,25,96.7
pooled_1,PT,biomass,p_Bs,12,0.2,25,100
pooled_2,PT,biomass,p_Bs,12,0.2,25,100
per_predator,PT,occurrence,p_Bs,19.6,2.3,25,96.7
pooled_1,PT,occurrence,p_Bs,17.5,0.5,25,100
pooled_2,PT,occurrence,p_Bs,17.5,0.5,25,100
per_predator,P1,biomass,p_disp,8.8,1.8,25,87.6
pooled_1,P1,biomass,p_disp,6.9,0.6,25,91
pooled_2,P1,biomass,p_disp,6.1,0.7,25,91
per_predator,P1,occurrence,p_disp,7.1,1.5,25,87.6
pooled_1,P1,occurrence,p_disp,4.4,0.2,25,91
pooled_2,P1,occurrence,p_disp,4.4,0.2,25,91
per_predator,P2,biomass,p_disp,5,2.5,25,57.9
pooled_1,P2,biomass,p_disp,8.8,1.2,25,62
pooled_2,P2,biomass,p_disp,9.4,0.9,25,62
per_predator,P2,occurrence,p_disp,5.9,2.6,25,57.9
pooled_1,P2,occurrence,p_disp,7.3,0.9,25,62
pooled_2,P2,occurrence,p_disp,7.4,0.9,25,62
per_predator,P3,biomass,p_disp,6.8,2.6,25,92.1
pooled_1,P3,biomass,p_disp,3.6,0.5,25,95
pooled_2,P3,biomass,p_disp,3.4,0.4,25,95
per_predator,P3,occurrence,p_disp,6.7,2.6,25,92.1
pooled_1,P3,occurrence,p_disp,1.5,0.6,25,95
pooled_2,P3,occurrence,p_disp,1.3,0.5,25,95
per_predator,P4,biomass,p_disp,6.8,2.4,25,71.6
pooled_1,P4,biomass,p_disp,12.6,1.2,25,75
pooled_2,P4,biomass,p_disp,12.2,1,25,75
per_predator,P4,occurrence,p_disp,9.5,2.1,25,71.6
pooled_1,P4,occurrence,p_disp,16.2,1.5,25,75
pooled_2,P4,occurrence,p_disp,15.8,1.3,25,75
per_predator,PT,biomass,p_disp,11.9,2.2,25,96
pooled_1,PT,biomass,p_disp,17,1.3,25,100
pooled_2,PT,biomass,p_disp,16.7,1.3,25,100
per_predator,PT,occurrence,p_disp,15.3,3.8,25,96.7
pooled_1,PT,occurrence,p_disp,26.6,2.3,25,100
pooled_2,PT,occurrence,p_disp,26.8,2.2,25,100
