approach,mode,contrast,Stability,Substitution,Functional change,Reorganisation
per_predator,biomass,P1a,76.4,10.4,11.2,2
per_predator,biomass,P1b,78.3,10.7,9.5,1.5
per_predator,biomass,P2,69.4,7.1,22.5,2.6
per_predator,biomass,PTb,52,29.9,13.2,4.9
per_predator,biomass,PTa,44.2,40.5,8.1,7.3
per_predator,occurrence,P1a,71.4,14.5,12,2.1
per_predator,occurrence,P1b,74.8,12.6,10.7,1.9
per_predator,occurrence,P2,78.6,8.5,9.6,3.3
per_predator,occurrence,PTb,43.6,41,8.3,7.1
per_predator,occurrence,PTa,38,47.3,5.2,9.5
pooled_1,biomass,P1a,75.2,9.2,13,2.5
pooled_1,biomass,P1b,74.1,11.8,12.4,1.6
pooled_1,biomass,P2,70.6,4.5,24.9,
pooled_1,biomass,PTb,44.2,38.4,12.8,4.6
pooled_1,biomass,PTa,33.8,55.5,5.9,4.8
pooled_1,occurrence,P1a,69.5,15.8,12,2.7
pooled_1,occurrence,P1b,70.1,15.5,12,2.3
pooled_1,occurrence,P2,74.6,8.6,12.7,4.2
pooled_1,occurrence,PTb,29.5,54.9,5.1,10.5
pooled_1,occurrence,PTa,18.6,67.8,4.7,9
pooled_2,biomass,P1a,74.6,9.7,13.7,2
pooled_2,biomass,P1b,73.7,12.3,12.8,1.2
pooled_2,biomass,P2,68.5,6.6,24.9,
pooled_2,biomass,PTb,44.1,38.5,12.5,4.9
pooled_2,biomass,PTa,34.1,55.2,5.9,4.8
pooled_2,occurrence,P1a,70,15.8,11.3,2.8
pooled_2,occurrence,P1b,71.1,15.4,11.1,2.3
pooled_2,occurrence,P2,74.6,8.6,12.7,4.2
pooled_2,occurrence,PTb,31,53.4,5.1,10.5
pooled_2,occurrence,PTa,19.8,67.5,3.7,9
