contrast,contrast_type,mode,family,pct_mean,ci_lo,ci_hi
P1a,within,biomass,Functional change,20.1309387384825,12.604007936507937,28.26424940191387
P1a,within,biomass,Reorganisation,4.589204156675739,1.5788766363479008,8.87272292612957
P1a,within,biomass,Stability,60.02343219662497,50.532807601880876,69.28746059889677
P1a,within,biomass,Substitution,15.297219151825574,8.595990190880169,22.56674418604651
P1a,within,occurrence,Functional change,8.135880682686974,3.8062713831867057,13.252776463630987
P1a,within,occurrence,Reorganisation,12.828878730450285,6.350082932967283,19.524911260709906
P1a,within,occurrence,Stability,63.371536518300616,54.54834869431644,72.13978548047695
P1a,within,occurrence,Substitution,15.668388432084702,9.344006598240469,22.957608695652166
P1b,within,biomass,Functional change,19.146735593682976,12.373734598734599,26.823280634515054
P1b,within,biomass,Reorganisation,3.9679795810756477,1.162104781813431,7.9186245252306025
P1b,within,biomass,Stability,63.24170483012929,54.32912087912088,72.06490322580646
P1b,within,biomass,Substitution,13.711157145992507,7.614436141304347,20.885438596491223
P1b,within,occurrence,Functional change,9.875776333411052,4.779341736694678,15.52774725274725
P1b,within,occurrence,Reorganisation,9.584928419570732,4.306078083407276,15.562247640991874
P1b,within,occurrence,Stability,62.26400036777509,53.14833733373338,71.4048632218845
P1b,within,occurrence,Substitution,18.275815966889766,11.199213483146067,25.99019164759725
P2,within,biomass,Functional change,23.87393218761961,15.058186274509803,32.70916024653313
P2,within,biomass,Reorganisation,5.981197230440694,2.7133183458202215,10.214240056818172
P2,within,biomass,Stability,57.69753040810678,46.95698477751756,68.66469049694854
P2,within,biomass,Substitution,12.683728325157745,6.310804005640126,20.580343749999997
P2,within,occurrence,Functional change,9.554835386709861,4.3843749999999995,15.567530529172318
P2,within,occurrence,Reorganisation,7.913396299536446,3.058762937799233,13.573244552058101
P2,within,occurrence,Stability,69.98838789823304,60.09176339285714,79.80997536945813
P2,within,occurrence,Substitution,12.769907512104258,5.91506518904824,20.169999999999998
PTb,between,biomass,Functional change,13.26939583812521,6.617266123316797,20.71441637630662
PTb,between,biomass,Reorganisation,22.747854248520735,15.245189678742312,31.340008330248043
PTb,between,biomass,Stability,28.033792470925302,19.192045454545454,37.86152597402596
PTb,between,biomass,Substitution,35.94895744242876,26.91806133056133,45.15347222222222
PTb,between,occurrence,Functional change,4.86118221940719,1.3698630136986303,9.676926926926928
PTb,between,occurrence,Reorganisation,22.0463973461114,14.45349537037037,30.260909980430522
PTb,between,occurrence,Stability,21.824057409258682,13.311154168412232,31.03059420289854
PTb,between,occurrence,Substitution,51.416857456783006,41.36370849385434,61.73937499999999
PTa,between,biomass,Functional change,7.221126919513744,3.333244680851064,11.920670212765954
PTa,between,biomass,Reorganisation,25.976867606920827,18.938781431334622,33.28375757575757
PTa,between,biomass,Stability,22.485103804061563,15.009492268041237,30.578470588235295
PTa,between,biomass,Substitution,44.36942585542342,36.0376213592233,52.07238194973341
PTa,between,occurrence,Functional change,4.750871651694472,1.8366038723181581,8.585974025974027
PTa,between,occurrence,Reorganisation,30.874138890184344,22.879907216494846,39.35772001557631
PTa,between,occurrence,Stability,13.117679314985805,7.3695128865979385,19.197612034504516
PTa,between,occurrence,Substitution,51.301790645346884,42.15960824742268,60.019061624649865
