Rule,Contrast,Currency,Stability,Substitution,Functional change,Reorganization
Pooled (primary),2004 vs 2006,Biomass,63.2,9.4,21.5,6
Pooled (primary),2004–2005 vs 2006,Biomass,66.6,8.9,20.4,4.1
Pooled (primary),2018 vs 2019,Biomass,64.4,12.9,18.1,4.5
Pooled (primary),2006 vs 2018,Biomass,32.4,30.9,17.9,18.8
Pooled (primary),2004–2006 vs 2018–2019,Biomass,21.4,43.6,4.8,30.2
Pooled cross-predator,2004 vs 2006,Biomass,65,9.2,21.3,4.5
Pooled cross-predator,2004–2005 vs 2006,Biomass,68.4,8.6,19.9,3.2
Pooled cross-predator,2018 vs 2019,Biomass,64.7,12.7,18.1,4.5
Pooled cross-predator,2006 vs 2018,Biomass,32.5,30.7,20.2,16.5
Pooled cross-predator,2004–2006 vs 2018–2019,Biomass,22,42.1,5.6,30.2
Per-predator,2004 vs 2006,Biomass,66.6,7.8,19,6.5
Per-predator,2004–2005 vs 2006,Biomass,69.9,6.9,17.6,5.6
Per-predator,2018 vs 2019,Biomass,70.4,6.6,16.4,6.6
Per-predator,2006 vs 2018,Biomass,50.2,20.4,13,16.4
Per-predator,2004–2006 vs 2018–2019,Biomass,44.1,30.3,7.7,17.9
Pooled (primary),2004 vs 2006,Occurrence,69.2,15,7.5,8.2
Pooled (primary),2004–2005 vs 2006,Occurrence,67.8,15.7,9.5,7.1
Pooled (primary),2018 vs 2019,Occurrence,78.8,9.4,10.2,1.6
Pooled (primary),2006 vs 2018,Occurrence,25.4,51.2,2.6,20.8
Pooled (primary),2004–2006 vs 2018–2019,Occurrence,12.8,57.8,2.9,26.5
Pooled cross-predator,2004 vs 2006,Occurrence,71.4,13.3,7,8.2
Pooled cross-predator,2004–2005 vs 2006,Occurrence,69.4,14,9.5,7.2
Pooled cross-predator,2018 vs 2019,Occurrence,83,7.9,7.3,1.8
Pooled cross-predator,2006 vs 2018,Occurrence,25.4,51.1,2.6,21
Pooled cross-predator,2004–2006 vs 2018–2019,Occurrence,12.8,56.1,2.6,28.4
Per-predator,2004 vs 2006,Occurrence,76.7,8.5,8,6.8
Per-predator,2004–2005 vs 2006,Occurrence,76.7,10,7.1,6.3
Per-predator,2018 vs 2019,Occurrence,80.8,5.7,8.9,4.6
Per-predator,2006 vs 2018,Occurrence,46.9,35.6,3.3,14.2
Per-predator,2004–2006 vs 2018–2019,Occurrence,34.5,42.3,3.7,19.5
