"contrast","mode","x_threshold","unit","prey_family","beta_WN_mean","beta_WN_lo","beta_WN_hi","beta_WN_bal_mean","beta_WN_bal_lo","beta_WN_bal_hi","beta_WN_gra_mean","beta_WN_gra_lo","beta_WN_gra_hi","beta_OS_mean","beta_OS_lo","beta_OS_hi","beta_OS_bal_mean","beta_OS_bal_lo","beta_OS_bal_hi","beta_OS_gra_mean","beta_OS_gra_lo","beta_OS_gra_hi","beta_ST_mean","beta_ST_lo","beta_ST_hi","beta_Consumer_Turnover_mean","beta_Consumer_Turnover_lo","beta_Consumer_Turnover_hi","n_prey_nodes","n_draws"
"PT","biomass",10,"all_gulf","_1",0.545596442060473,0.515366456788971,0.577505933435782,0.545596442060473,0.515366456788971,0.577505933435782,3.88578058618805e-18,0,2.77555756156352e-18,0.545157454197805,0.512338000469405,0.577505933435782,0.544719181307813,0.512139001555621,0.577505933435782,0.000438272889991556,0,0.00310118550039652,0.000438987862668137,0,0.00306086749203344,0.00215352158390133,0,0.0126582278481013,53,200
"PT","biomass",20,"all_gulf","_1",0.568415855405044,0.536727747541752,0.600386061268148,0.568415855405044,0.536727747541752,0.600386061268148,6.10622663543836e-18,0,1.11022302462516e-16,0.568056746063727,0.536727747541752,0.600367962025683,0.567693676261931,0.536727747541752,0.6002760230828,0.000363069801796448,0,0.00261505261209224,0.000359109341317089,0,0.00258426332455538,0.0020253164556962,0,0.0126582278481013,59,200
"PT","biomass",30,"all_gulf","_1",0.564941982733182,0.536632635484069,0.589326072239365,0.564941982733182,0.536632635484069,0.589326072239365,6.10622663543836e-18,-2.77555756156283e-18,1.11022302462516e-16,0.564422822714146,0.535290059602087,0.589326072239365,0.56389787351053,0.534812184297987,0.589326072239365,0.000524949203616127,0,0.00273471438535366,0.000519160019035762,0,0.00270288270146848,0.00278481012658228,0,0.0126582278481013,60,200
"PT","biomass",40,"all_gulf","_1",0.563606790474378,0.537650065176234,0.593827515272046,0.563606790474378,0.537650065176234,0.593827515272046,2.77555756156289e-18,-1.11022302462516e-16,1.11022302462516e-16,0.563189703568483,0.537603458606078,0.59379131002175,0.562767842061479,0.535536382730996,0.59379131002175,0.000421861507004377,-1.11022302462516e-16,0.00272510583144738,0.000417086905895395,0,0.00269263031520075,0.00221518987341772,0,0.0126582278481013,59,200
"PT","biomass",50,"all_gulf","_1",0.565064029016721,0.53291436388907,0.591625843431004,0.565064029016721,0.53291436388907,0.591625843431004,4.9960036108132e-18,0,1.11022302462516e-16,0.564687905400829,0.53291436388907,0.591625843431004,0.564307518857291,0.53291436388907,0.591625843431004,0.000380386543537289,0,0.00272353044359476,0.000376123615892922,0,0.00268934731100615,0.0020253164556962,0,0.0126582278481013,60,200
"PT","biomass",60,"all_gulf","_1",0.556661331018344,0.526712447668898,0.58114837065412,0.556661331018344,0.526712447668898,0.58114837065412,3.88578058618805e-18,0,1.11022302462516e-16,0.556322450771015,0.525936292963835,0.58114837065412,0.555979511225654,0.525930100328025,0.58114837065412,0.000342939545360941,0,0.00290298877413561,0.000338880247328569,0,0.00286585689206559,0.00177215189873418,0,0.0126582278481013,58,200
"PT","biomass",70,"all_gulf","_1",0.556197508330841,0.526832748976514,0.583532108602899,0.556197508330841,0.526832748976514,0.583532108602899,7.21644966006352e-18,0,1.11022302462516e-16,0.555747234566739,0.526832748976514,0.583532108602899,0.555291522601162,0.526832748976514,0.583532108602899,0.0004557119655765,0,0.00289510392206332,0.000450273764102417,0,0.0028569862019013,0.00221518987341772,0,0.0126582278481013,56,200
"PT","biomass",80,"all_gulf","_1",0.557288572401069,0.530879363364482,0.584037598070469,0.557288572401069,0.530879363364482,0.584037598070469,4.44089209850063e-18,0,1.11022302462516e-16,0.556728611672058,0.528527705343804,0.583794185089446,0.556161681456449,0.528449300916375,0.583514199206012,0.000566930215608537,0,0.00308736211675844,0.000559960729010726,0,0.00304590214315429,0.00272151898734177,0,0.0126582278481013,55,200
"PT","biomass",90,"all_gulf","_1",0.546533580730709,0.516190352339726,0.570836128879895,0.546533580730709,0.516190352339726,0.570836128879895,3.88578058618805e-18,0,1.11022302462516e-16,0.546025148834642,0.516190352339726,0.568808832409707,0.545510477751396,0.515935999176157,0.568808832409707,0.000514671083245764,0,0.00294436615534539,0.000508431896067264,0,0.00290583778341821,0.00234177215189873,0,0.0126582278481013,54,200
"PT","biomass",100,"all_gulf","_1",0.540335278711711,0.513330834795084,0.56951795005365,0.540335278711711,0.513330834795084,0.56951795005365,4.9960036108132e-18,0,1.11022302462516e-16,0.539767355686943,0.512795595877431,0.569062603864962,0.539192107111707,0.511134098817269,0.56828381020537,0.000575248575236185,0,0.003324245733907,0.000567923024767705,0,0.00327710687045167,0.00259655955858487,0,0.0126582278481013,53,200
"PT","biomass",110,"all_gulf","_1",0.535717989248466,0.509521066328085,0.561211256645078,0.535717989248466,0.509521066328085,0.561211256645078,3.88578058618805e-18,0,1.11022302462516e-16,0.535133203952636,0.509359763192425,0.560689520740011,0.534540848309987,0.507473576025314,0.560689520740011,0.000592355642648631,0,0.00332853399163592,0.000584785295829901,0,0.00328237897934727,0.00253164556962025,0,0.0126582278481013,53,200
"PT","biomass",120,"all_gulf","_1",0.537530230386002,0.507477694163674,0.56982953615665,0.537530230386002,0.507477694163674,0.56982953615665,5.55111512312578e-18,0,1.11022302462516e-16,0.537003731239662,0.507477694163674,0.56982953615665,0.536470579875042,0.505826880701967,0.56982953615665,0.000533151364619143,0,0.00320918860348783,0.000526499146340313,0,0.0031669761335606,0.00246835443037975,0,0.0126582278481013,53,200
"PT","biomass",130,"all_gulf","_1",0.538378793300286,0.509454307879065,0.566427239665,0.538378793300286,0.509454307879065,0.566427239665,4.71844785465692e-18,0,1.11022302462516e-16,0.53791827305575,0.509454307879065,0.566427239665,0.537452008863155,0.509454307879065,0.566427239665,0.00046626419259548,0,0.003131563516412,0.000460520244535929,0,0.00308885516249095,0.00208860759493671,0,0.0126582278481013,53,200
"PT","biomass",140,"all_gulf","_1",0.53773300982269,0.512713443041322,0.564422252871179,0.53773300982269,0.512713443041322,0.564422252871179,3.88578058618805e-18,0,1.11022302462516e-16,0.537243449896727,0.512172535682492,0.564422252871179,0.536747757727135,0.512125365542134,0.564421002267235,0.000495692169592025,0,0.00315214564882255,0.000489559925963262,0,0.00311146508422463,0.00227848101265823,0,0.0126582278481013,53,200
"PT","biomass",150,"all_gulf","_1",0.540211010444732,0.512291720622425,0.563523578487372,0.540211010444732,0.512291720622425,0.563523578487372,9.15933995315754e-18,0,1.11022302462516e-16,0.539730372291822,0.512155209369679,0.562875916685299,0.539257346931423,0.510059418804532,0.562875916685299,0.000473025360399338,0,0.00314847205703685,0.00048063815290993,0,0.00312769623994374,0.00221681272314184,0,0.0126582278481013,53,200
"PT","biomass",160,"all_gulf","_1",0.529992287052395,0.503718753603507,0.558557267575808,0.529992287052395,0.503718753603507,0.558557267575808,3.33066907387547e-18,0,1.11022302462516e-16,0.529504081620551,0.503718753603507,0.558557267575808,0.529009191711144,0.503718753603507,0.558557267575808,0.000494889909406303,0,0.00352998072520264,0.000488205431843985,0,0.00347791367875198,0.0019620253164557,0,0.0126582278481013,49,200
"PT","biomass",170,"all_gulf","_1",0.526832961393698,0.497940548292097,0.553872124087139,0.526832961393698,0.497940548292097,0.553872124087139,6.93889390390723e-18,0,1.11022302462516e-16,0.526401747043739,0.497940548292097,0.553597235232741,0.525964674763804,0.497940548292097,0.551037496747253,0.000437072279934995,0,0.00349259328169463,0.000431214349958953,0,0.00344343524237783,0.00177215189873418,0,0.0126582278481013,49,200
"PT","biomass",180,"all_gulf","_1",0.526145389410287,0.500431553731102,0.550722778466663,0.526145389410287,0.500431553731102,0.550722778466663,4.16333634234434e-18,0,1.11022302462516e-16,0.525705510056086,0.500431553731102,0.54983299840665,0.525259501707507,0.500431553731102,0.54983299840665,0.00044600834857932,0,0.00356612739034071,0.000439879354200731,0,0.0035118823472813,0.00177215189873418,0,0.0126582278481013,48,200
"PT","biomass",190,"all_gulf","_1",0.518727226845958,0.490080330062265,0.545745822504694,0.518727226845958,0.490080330062265,0.545745822504694,5.27355936696949e-18,0,1.11022302462516e-16,0.518133092157398,0.49003554400611,0.545745822504694,0.517530656950042,0.49003554400611,0.545745822504694,0.000602435207356735,0,0.00372734607326387,0.000594134688559083,0,0.00367400112324845,0.00240506329113924,0,0.0126582278481013,47,200
"PT","biomass",200,"all_gulf","_1",0.520844600697035,0.496100665054263,0.549114207332233,0.520844600697035,0.496100665054263,0.549114207332233,4.16333634234434e-18,0,1.11022302462516e-16,0.520400355336892,0.496100665054263,0.549077129605418,0.51994976055144,0.494385727500818,0.548342447610611,0.000450594785452613,0,0.0036932385568618,0.000444245360142607,0,0.00363836737746155,0.00177215189873418,0,0.0126582278481013,46,200
"PT","biomass",210,"all_gulf","_1",0.521988596670127,0.49471307444823,0.551160643690552,0.521988596670127,0.49471307444823,0.551160643690552,5.55111512312578e-18,0,1.11022302462516e-16,0.521495900163528,0.49425872284605,0.551160643690552,0.520996133603349,0.493491717250917,0.551160643690552,0.000499766560179403,0,0.00372638430666238,0.000492696506599023,0,0.0036675042226075,0.00183544303797468,0,0.0126582278481013,46,200
"PT","biomass",220,"all_gulf","_1",0.51761016169693,0.490040174572154,0.541319533341517,0.51761016169693,0.490040174572154,0.541319533341517,5.55111512312578e-18,0,1.11022302462516e-16,0.51709480438857,0.489704181786039,0.539597585054276,0.516571629314339,0.489704181786039,0.539597585054276,0.000523175074231358,0,0.00399218072885026,0.000515357308359433,0,0.00392790174417435,0.00189873417721519,0,0.0126582278481013,45,200
"PT","biomass",230,"all_gulf","_1",0.516566211839432,0.486482107844239,0.541280600533279,0.516566211839432,0.486482107844239,0.541280600533279,2.22044604925031e-18,0,0,0.515920350568563,0.486482107844239,0.541209463373493,0.515264763134443,0.486482107844239,0.541209463373493,0.000655587434120429,0,0.00381654036269621,0.000645861270868895,0,0.00375753019747857,0.00227848101265823,0,0.0126582278481013,45,200
"PT","biomass",240,"all_gulf","_1",0.517916233564191,0.489173214341994,0.54199059819921,0.517916233564191,0.489173214341994,0.54199059819921,3.60822483003176e-18,0,5.68989300120396e-17,0.517340558345743,0.489173214341994,0.54199059819921,0.516756397542547,0.488273159071382,0.54199059819921,0.000584160803196028,0,0.00388583879868208,0.00057567521844853,0,0.0038234386768437,0.00215189873417722,0,0.0126582278481013,45,200
"PT","biomass",250,"all_gulf","_1",0.515993247434172,0.484278399194701,0.542607732635582,0.515993247434172,0.484278399194701,0.542607732635582,5.55111512312578e-18,0,1.11022302462516e-16,0.515367425046863,0.484134819831815,0.542607732635582,0.514736407409993,0.484134819831815,0.5422902522017,0.000631017636870538,0,0.00393939184972553,0.000625822387308352,0,0.00388609199405895,0.00234339500162285,0,0.0126582278481013,45,200
"PT","biomass",260,"all_gulf","_1",0.518776968767224,0.48972151823522,0.550460032483031,0.518776968767224,0.48972151823522,0.550460032483031,2.4980018054066e-18,0,1.38777878078176e-18,0.518376187342918,0.489521625829208,0.550460032483031,0.517969254197051,0.488397713793344,0.550460032483031,0.000406933145867353,0,0.00396196562178561,0.000400781424305843,0,0.00390119118774722,0.00139240506329114,0,0.0126582278481013,44,200
"PT","biomass",270,"all_gulf","_1",0.52025671704239,0.491563117056399,0.548631679039544,0.52025671704239,0.491563117056399,0.548631679039544,7.49400541621981e-18,0,1.11022302462516e-16,0.519679853722887,0.491323151624095,0.546790774414507,0.519094293824914,0.490102292393899,0.546145261322323,0.000585559897972851,0,0.00399815832309532,0.000576863319503094,0,0.00393150263332614,0.00208860759493671,0,0.0126582278481013,44,200
"PT","biomass",280,"all_gulf","_1",0.520347042710501,0.494757506182128,0.546538204618877,0.520347042710501,0.494757506182128,0.546538204618877,8.04911692853238e-18,0,1.11022302462516e-16,0.51978699608877,0.493986446744686,0.546538204618877,0.519218564932841,0.492821833636957,0.546538204618877,0.000568431155928618,0,0.00392742275248109,0.000560046621731141,0,0.00386291225640149,0.00208860759493671,0,0.0126582278481013,44,200
"PT","biomass",290,"all_gulf","_1",0.519550183747815,0.492415052576271,0.547713824896961,0.519550183747815,0.492415052576271,0.547713824896961,4.9960036108132e-18,0,1.11022302462516e-16,0.518920563089721,0.490746947973709,0.547696506946836,0.518282930658383,0.487061383919483,0.54767600393463,0.000637632431338361,0,0.00404225370144191,0.00062962065809424,0,0.00397928727408825,0.00234339500162285,0,0.0126582278481013,44,200
"PT","biomass",300,"all_gulf","_1",0.51387164274514,0.486248552436266,0.543433270095088,0.51387164274514,0.486248552436266,0.543433270095088,3.33066907387547e-18,0,5.68989300120396e-17,0.513189389145597,0.485613955837454,0.542429804119822,0.512501870608452,0.48430918182452,0.541212361822336,0.000687518537144491,0,0.00420232140370806,0.000682253599543201,0,0.00414058947492859,0.00246997728010386,0,0.0126582278481013,42,200
"PT","biomass",310,"all_gulf","_1",0.501626464974212,0.47360732947102,0.530926448899045,0.501626464974212,0.47360732947102,0.530926448899045,2.4980018054066e-18,0,1.38777878078176e-18,0.500991281026874,0.47360732947102,0.529260875142861,0.500345129994851,0.473416122656495,0.529260875142861,0.000646151032023448,0,0.00468239023576163,0.000635183947338051,0,0.00459980794367369,0.00189873417721519,0,0.0126582278481013,40,200
"PT","biomass",320,"all_gulf","_1",0.50058270261171,0.467653827405434,0.530953349764702,0.50058270261171,0.467653827405434,0.530953349764702,4.44089209850063e-18,0,1.11022302462516e-16,0.499792335216794,0.465409257352078,0.530354093000877,0.498989388929002,0.464331022112709,0.530354093000877,0.000802946287792424,0,0.00445926219864577,0.000790367394915651,0,0.00438158487302714,0.00259493670886076,0,0.0126582278481013,40,200
"PT","biomass",330,"all_gulf","_1",0.496649300319178,0.467487492561174,0.527125042661285,0.496649300319178,0.467487492561174,0.527125042661285,3.88578058618805e-18,0,1.11022302462516e-16,0.495911522820066,0.465637114925308,0.526511509981685,0.495161890207002,0.46138334906981,0.526511509981685,0.000749632613064392,0,0.00429210789212164,0.000737777499111999,0,0.00422044332451756,0.00234177215189873,0,0.0126582278481013,39,200
"PT","biomass",340,"all_gulf","_1",0.496405670106411,0.471935887024598,0.525611160013597,0.496405670106411,0.471935887024598,0.525611160013597,4.71844785465692e-18,0,1.11022302462516e-16,0.495699666420907,0.471398280201048,0.524741940728665,0.49498216392299,0.470870747774729,0.524741940728665,0.000717502497917213,0,0.00452014192933985,0.000706003685503775,0,0.00444187314962006,0.00221518987341772,0,0.0126582278481013,39,200
"PT","biomass",350,"all_gulf","_1",0.495791693745862,0.466857878066751,0.522256647536143,0.495791693745862,0.466857878066751,0.522256647536143,1.66533453693773e-18,0,1.38777878078176e-18,0.495106636377439,0.466778386448245,0.522256647536143,0.494410496826442,0.462633635566496,0.522256647536143,0.000696139550996901,0,0.00432533184399488,0.000685057368423112,0,0.00425340652395882,0.00215189873417722,0,0.0126582278481013,39,200
"PT","biomass",360,"all_gulf","_1",0.495570268335444,0.467739599871184,0.527389198815178,0.495570268335444,0.467739599871184,0.527389198815178,4.44089209850063e-18,0,1.11022302462516e-16,0.4949612801173,0.467739599871184,0.527389198815178,0.494342606517635,0.467739599871184,0.527389198815178,0.000618673599664818,0,0.00432132310776099,0.00060898821814363,0,0.00424586897263878,0.0019620253164557,0,0.0126582278481013,39,200
"PT","biomass",370,"all_gulf","_1",0.492442867952075,0.465998385179455,0.519200944816858,0.492442867952075,0.465998385179455,0.519200944816858,5.55111512312578e-18,0,1.11022302462516e-16,0.491986210300532,0.465998385179455,0.5189360052792,0.491525897555381,0.465683450021089,0.5189360052792,0.000460312745151095,0,0.00230928535297774,0.00045665765154303,0,0.00228859199958721,0.0029746835443038,0,0.0126582278481013,38,200
"PT","biomass",380,"all_gulf","_1",0.493321508099439,0.464974679579229,0.520594812259766,0.493321508099439,0.464974679579229,0.520594812259766,1.94289029309402e-18,0,1.38777878078176e-18,0.493028644078765,0.464974679579229,0.518846814307438,0.492733538136625,0.464974679579229,0.518846814307438,0.000295105942140163,0,0.00212126579850562,0.000292864020673456,0,0.00210340247238426,0.0019620253164557,0,0.0126582278481013,38,200
"PT","biomass",390,"all_gulf","_1",0.495110857639144,0.467550719019404,0.518645206284072,0.495110857639144,0.467550719019404,0.518645206284072,4.9960036108132e-18,0,1.11022302462516e-16,0.49473800984727,0.467533053639707,0.517874975589625,0.4943619687083,0.467533053639707,0.517345742653732,0.000376041138969616,0,0.00255338421423044,0.000372847791873527,0,0.00252881204781997,0.00227848101265823,0,0.0126582278481013,37,200
"PT","biomass",400,"all_gulf","_1",0.496061820931442,0.466330427974059,0.523662398055954,0.496061820931442,0.466330427974059,0.523662398055954,2.77555756156289e-18,0,5.55111512312578e-17,0.495715837416382,0.464314279728879,0.522582960944519,0.49536695878675,0.463634030758768,0.522582960944519,0.000348878629631638,0,0.00243165410203245,0.000345983515059912,0,0.00240838954827222,0.00215189873417722,0,0.0126582278481013,36,200
"PT","biomass",410,"all_gulf","_1",0.49416518633815,0.466739844978107,0.524335823665589,0.49416518633815,0.466739844978107,0.524335823665589,6.66133814775094e-18,0,1.11022302462516e-16,0.493729855651809,0.466739844978107,0.524335823665589,0.493290679084596,0.466739844978107,0.524335823665589,0.000439176567213243,0,0.00254174790143036,0.000435330686340835,0,0.00251549780231265,0.00253164556962025,0,0.0126582278481013,35,200
"PT","biomass",420,"all_gulf","_1",0.494940352870709,0.462885931800398,0.526112012160105,0.494940352870709,0.462885931800398,0.526112012160105,3.88578058618805e-18,0,1.11022302462516e-16,0.494585879542974,0.462885931800398,0.526059105440605,0.494228380932822,0.462885931800398,0.525152965756313,0.000357498610152727,0,0.00249273992378275,0.000354473327734699,0,0.00246838237565855,0.00215189873417722,0,0.0126582278481013,35,200
"PT","biomass",430,"all_gulf","_1",0.493422789893192,0.462737841277045,0.525281226120604,0.493422789893192,0.462737841277045,0.525281226120604,3.05311331771918e-18,0,5.68989300120396e-17,0.493073479285633,0.462737841277045,0.525107162920121,0.492721172607902,0.462737841277045,0.525107162920121,0.000352306677731345,0,0.00256977751241838,0.00034931060755943,0,0.00254348684688643,0.00208860759493671,0,0.0126582278481013,35,200
"PT","biomass",440,"all_gulf","_1",0.495602533763231,0.470378938665333,0.52002579155987,0.495602533763231,0.470378938665333,0.52002579155987,4.9960036108132e-18,0,1.11022302462516e-16,0.495330515741482,0.468762867787954,0.52002579155987,0.495056318559649,0.467785799111236,0.519993268777923,0.000274197181832757,0,0.00225347285723905,0.000272018021749288,0,0.00223337110101883,0.00177215189873418,0,0.0126582278481013,35,200
"PT","biomass",450,"all_gulf","_1",0.493690812018212,0.466631541239013,0.519719739653053,0.493690812018212,0.466631541239013,0.519719739653053,5.82867087928207e-18,0,1.11022302462516e-16,0.493302290992558,0.464910168212656,0.519719739653053,0.49291043967204,0.463911066328409,0.519719739653053,0.000391851320517907,0,0.0024549892718191,0.000388521025654215,0,0.00243090906689719,0.00234177215189873,0,0.0126582278481013,35,200
"PT","biomass",460,"all_gulf","_1",0.493976039122528,0.46152120279612,0.525253067513292,0.493976039122528,0.46152120279612,0.525253067513292,3.33066907387547e-18,0,1.11022302462516e-16,0.493670623174385,0.461120995657834,0.525211845681137,0.493362600201201,0.461120995657834,0.523738308605746,0.000308022973184259,0,0.00242797053495459,0.000305415948142354,0,0.00240611531666413,0.00183544303797468,0,0.0126582278481013,35,200
"PT","biomass",470,"all_gulf","_1",0.495224758409027,0.46538371100168,0.523741645827845,0.495224758409027,0.46538371100168,0.523741645827845,3.33066907387547e-18,0,1.11022302462516e-16,0.494741528849165,0.46538371100168,0.522898184741315,0.494254231383326,0.46538371100168,0.522881572254499,0.000487297465838444,0,0.00248679089712111,0.000483229559861763,0,0.00246232958846526,0.0029746835443038,0,0.0126582278481013,35,200
"PT","biomass",480,"all_gulf","_1",0.492970171325384,0.465758408999403,0.519674142895648,0.492970171325384,0.465758408999403,0.519674142895648,4.16333634234434e-18,0,1.11022302462516e-16,0.492550782722264,0.465677926979995,0.519625915238276,0.492127855060838,0.46562950258972,0.518943201921557,0.000422927661426674,0,0.00239409503954774,0.000419388603120029,0,0.00237225420609259,0.00253164556962025,0,0.0126582278481013,35,200
"PT","biomass",490,"all_gulf","_1",0.497619659811397,0.465470326657806,0.531405144325753,0.497619659811397,0.465470326657806,0.531405144325753,4.71844785465692e-18,0,1.11022302462516e-16,0.497082938016671,0.464844571871662,0.531359100376663,0.496541468176572,0.464799314783428,0.531020757793832,0.000541469840098583,0,0.00258602130156197,0.000536721794726148,0,0.00256006508278933,0.00316455696202532,0,0.0126582278481013,34,200
"PT","biomass",500,"all_gulf","_1",0.499035596359223,0.46752857423336,0.528516612496935,0.499035596359223,0.46752857423336,0.528516612496935,4.16333634234434e-18,0,1.11022302462516e-16,0.498702717969767,0.46752857423336,0.528516612496935,0.498366984899803,0.46752857423336,0.528516612496935,0.000335733069963432,0,0.00244527990139072,0.000332878389456697,0,0.00242194617163728,0.0020253164556962,0,0.0126582278481013,34,200
"PT","biomass",510,"all_gulf","_1",0.4979551920399,0.461601408107138,0.528376718048779,0.4979551920399,0.461601408107138,0.528376718048779,5.55111512312578e-18,0,1.11022302462516e-16,0.49755661976252,0.461601408107138,0.526796481151346,0.497154573862334,0.461601408107138,0.526078013649948,0.000402045900185806,0,0.00245037271496096,0.000398572277379831,0,0.00242520032410081,0.00240506329113924,0,0.0126582278481013,34,200
"PT","biomass",520,"all_gulf","_1",0.49940194701749,0.466941906986765,0.530581507367735,0.49940194701749,0.466941906986765,0.530581507367735,1.11022302462516e-18,0,0,0.498966579055937,0.465312606471688,0.530581507367735,0.498527308653773,0.463673056035345,0.530581507367735,0.000439270402163246,0,0.00249924952822223,0.000435367961553536,0,0.00247463958880322,0.00259493670886076,0,0.0126582278481013,33,200
"PT","biomass",530,"all_gulf","_1",0.500447420992135,0.47249245724403,0.527686261443903,0.500447420992135,0.47249245724403,0.527686261443903,5.55111512312578e-18,0,1.11022302462516e-16,0.500020808038552,0.472462230998246,0.527686261443903,0.499590512073028,0.472164081341348,0.527686261443903,0.000430295965523384,0,0.00252220721280323,0.000426612953583056,0,0.00249820408635692,0.00259493670886076,0,0.0126582278481013,33,200
"PT","biomass",540,"all_gulf","_1",0.497264783390138,0.467922554242399,0.52930630551758,0.497264783390138,0.467922554242399,0.52930630551758,8.88178419700125e-18,0,5.68989300120396e-17,0.49678883742533,0.467922554242399,0.52930630551758,0.496308452616079,0.467922554242399,0.52930630551758,0.000480384809251024,0,0.00272971220915878,0.000475945964807935,0,0.00270145300882844,0.00265822784810127,0,0.0126582278481013,32,200
"PT","biomass",550,"all_gulf","_1",0.495317170463277,0.464329946968698,0.529186066363909,0.495317170463277,0.464329946968698,0.529186066363909,3.88578058618805e-18,-5.55111512312578e-17,5.55111512312578e-17,0.495016416909265,0.464329946968698,0.526646644887701,0.494712669121287,0.464329946968698,0.525623842171149,0.00030374778797798,-1.38777878078142e-18,0.00286678910677599,0.000300753554011879,0,0.0028357644752822,0.00158227848101266,0,0.0126582278481013,31,200
"PT","biomass",560,"all_gulf","_1",0.497700992929914,0.46178832944188,0.529067495397623,0.497700992929914,0.46178832944188,0.529067495397623,5.82867087928207e-18,0,5.68989300120396e-17,0.497319228639639,0.46178832944188,0.529006730593114,0.496933733650813,0.46178832944188,0.527045922131045,0.000385494988826302,0,0.00275596601697564,0.000381764290274779,0,0.00272612931484787,0.0020253164556962,0,0.0126582278481013,31,200
"PT","biomass",570,"all_gulf","_1",0.495608685945824,0.463352059334522,0.527138304543279,0.495608685945824,0.463352059334522,0.527138304543279,6.93889390390723e-18,0,5.55111512312578e-17,0.495235089144453,0.463341162574318,0.527138304543279,0.494858026342755,0.463341162574318,0.527138304543279,0.000377062801697372,0,0.00260938034620315,0.000373596801371657,0,0.0025825758126678,0.00208860759493671,0,0.0126582278481013,31,200
"PT","biomass",580,"all_gulf","_1",0.49327353826318,0.463583337565996,0.522278230109856,0.49327353826318,0.463583337565996,0.522278230109856,1.94289029309402e-18,-5.55111512312578e-17,5.55111512312578e-17,0.492782110886803,0.462788408371024,0.522193066196714,0.492285883550704,0.460582082873003,0.522193066196714,0.000496227336098537,-5.55111512312578e-17,0.00294598296872164,0.000491427376377694,0,0.0029122058168855,0.00259493670886076,0,0.0126582278481013,31,200
"PT","biomass",590,"all_gulf","_1",0.493265943251549,0.462411578573391,0.522677664696246,0.493265943251549,0.462411578573391,0.522677664696246,2.4980018054066e-18,-5.55111512312578e-17,5.55111512312578e-17,0.492729694261334,0.462411578573391,0.522677664696246,0.49218836435459,0.462411578573391,0.522677664696246,0.000541329906743886,-5.55111512312578e-17,0.00285057368855316,0.000536248990215315,0,0.00281779445646667,0.0029746835443038,0,0.0126582278481013,31,200
"PT","biomass",600,"all_gulf","_1",0.494616262219509,0.463786992286232,0.523347878310645,0.494616262219509,0.463786992286232,0.523347878310645,5.82867087928207e-18,0,1.11022302462516e-16,0.494184514423876,0.463786992286232,0.523347878310645,0.493748613175154,0.463005173265143,0.523347878310645,0.000435901248721745,0,0.00270842083634774,0.000431747795633453,0,0.00268122233180241,0.00227848101265823,0,0.0126582278481013,31,200
"PT","biomass",610,"all_gulf","_1",0.492522583836408,0.460503362830299,0.523696510372425,0.492522583836408,0.460503362830299,0.523696510372425,4.16333634234434e-18,0,5.55111512312578e-17,0.492010688545067,0.459710899062336,0.523300881713969,0.491493688541784,0.458633091627009,0.523300881713969,0.000517000003283758,0,0.00294283440362268,0.000511895291340097,0,0.00291054962227743,0.00265822784810127,0,0.0126582278481013,31,200
"PT","biomass",620,"all_gulf","_1",0.494063658051786,0.461269824850109,0.527198096547663,0.494063658051786,0.461269824850109,0.527198096547663,4.16333634234434e-18,-1.38777878078142e-18,5.68989300120396e-17,0.493616463660137,0.460564006067366,0.526706463389372,0.493164956478883,0.459789493105157,0.526706463389372,0.000451507181253934,-1.38777878078142e-18,0.00284692779110551,0.00044719439164954,0,0.00281638704593847,0.00240506329113924,0,0.0126582278481013,31,200
"PT","biomass",630,"all_gulf","_1",0.495145568685968,0.460889670360798,0.524808110617508,0.495145568685968,0.460889670360798,0.524808110617508,5.55111512312578e-18,0,1.11022302462516e-16,0.494727761444849,0.460889670360798,0.524522155844596,0.494305867241817,0.460889670360798,0.524522155844595,0.000421894203032546,0,0.00274235537071487,0.00041780724111932,0,0.00271146764202804,0.00221518987341772,0,0.0126582278481013,30,200
"PT","biomass",640,"all_gulf","_1",0.492806315392854,0.464983226155195,0.523227444223095,0.492806315392854,0.464983226155195,0.523227444223095,3.33066907387547e-18,0,5.55111512312578e-17,0.492368146806545,0.464587795198354,0.521454969233865,0.491925541351057,0.462517019899288,0.521454969233865,0.000442605455488152,0,0.00299735696727777,0.000438168586308743,0,0.00296260247138165,0.00221518987341772,0,0.0126582278481013,30,200
"PT","biomass",650,"all_gulf","_1",0.497203188129042,0.470370166134696,0.525479761653242,0.497203188129042,0.470370166134696,0.525479761653242,2.77555756156289e-18,0,5.55111512312578e-17,0.496684514185528,0.469063850337061,0.524594961553905,0.496160579469995,0.466810803523428,0.524594961553905,0.000523934715532889,0,0.00305230021632904,0.000518673943513421,0,0.0030151226525119,0.00265822784810127,0,0.0126582278481013,30,200
"PT","biomass",660,"all_gulf","_1",0.48913523939027,0.454132858816673,0.520825338649465,0.48913523939027,0.454132858816673,0.520825338649465,3.60822483003176e-18,0,5.55111512312578e-17,0.488705415555377,0.454132858816673,0.520284193734841,0.48827131712184,0.451715597128796,0.520284193734841,0.000434098433536688,0,0.00305484641455284,0.000429823834893898,0,0.00301952676214612,0.00221518987341772,0,0.0126582278481013,29,200
"PT","biomass",670,"all_gulf","_1",0.488029424095464,0.454930164937303,0.51927385292375,0.488029424095464,0.454930164937303,0.51927385292375,4.16333634234434e-18,0,5.55111512312578e-17,0.487649743123287,0.454891887162384,0.51927385292375,0.487266143066942,0.454891887162384,0.51927385292375,0.00038360005634454,0,0.00292553208409483,0.000379680972176939,0,0.00289071032749743,0.0019620253164557,0,0.0126582278481013,29,200
"PT","biomass",680,"all_gulf","_1",0.489808633465424,0.45434962055423,0.520600560696311,0.489808633465424,0.45434962055423,0.520600560696311,1.38777878078145e-18,0,0,0.489241947894421,0.451760670038728,0.520600560696311,0.488669530646425,0.449115484321513,0.520600560696311,0.000572417247995696,0,0.0030117697123645,0.000566685571003186,0,0.00297766422283049,0.00284810126582278,0,0.0126582278481013,29,200
"PT","biomass",690,"all_gulf","_1",0.487525302527281,0.457412307084993,0.514082966242553,0.487525302527281,0.457412307084993,0.514082966242553,4.9960036108132e-18,0,5.55111512312578e-17,0.486994028671521,0.456191443151351,0.514082966242553,0.486457179159669,0.455232557142512,0.514082966242553,0.00053684951185293,0,0.00320664914130621,0.000531273855759508,0,0.00316531757495328,0.00259493670886076,0,0.0126582278481013,29,200
"PT","biomass",700,"all_gulf","_1",0.49161685859248,0.459340156720467,0.526383001024394,0.49161685859248,0.459340156720467,0.526383001024394,4.9960036108132e-18,0,5.55111512312578e-17,0.491200808471168,0.459340156720467,0.525818268243983,0.4907803274888,0.458429958613751,0.525818268243983,0.000420480982368052,0,0.00292347095808168,0.000416050121312209,0,0.0028892765544249,0.0020253164556962,0,0.0126582278481013,28,200
"PT","biomass",710,"all_gulf","_1",0.491305853757652,0.456626373506529,0.526322801172531,0.491305853757652,0.456626373506529,0.526322801172531,4.9960036108132e-18,0,5.68989300120396e-17,0.490683854500304,0.456169178474715,0.525884641921995,0.490055261561213,0.456169178474715,0.52503054878237,0.000628592939090772,0,0.00307266272352364,0.000621999257347942,0,0.00303684386267356,0.0029746835443038,0,0.0126582278481013,28,200
"PT","biomass",720,"all_gulf","_1",0.488318528729484,0.453489915990843,0.521804602069845,0.488318528729484,0.453489915990843,0.521804602069845,3.33066907387547e-18,0,5.55111512312578e-17,0.487879875733706,0.453400820516224,0.521804602069845,0.487436235490883,0.453344322975153,0.521804602069845,0.000443640242823276,0,0.00335106916633487,0.000438652995778181,0,0.00330833251990469,0.0019620253164557,0,0.0126582278481013,28,200
"PT","biomass",730,"all_gulf","_1",0.491314374519818,0.457207428089259,0.525896296064885,0.491314374519818,0.457207428089259,0.525896296064885,3.60822483003176e-18,0,5.55111512312578e-17,0.490849186273917,0.454875277971064,0.525646663583907,0.490378648575394,0.453945959939854,0.525547597849508,0.000470537698522828,0,0.00324552173067618,0.000465188245901476,0,0.00320499815070373,0.00208860759493671,0,0.0126582278481013,28,200
"PT","biomass",740,"all_gulf","_1",0.489387943165703,0.45397581497146,0.522273635010605,0.489387943165703,0.45397581497146,0.522273635010605,5.27355936696949e-18,0,5.55111512312578e-17,0.488809391871854,0.453256999587697,0.522245601883564,0.488224376508701,0.453177126705567,0.520348761150779,0.000585015363153389,0,0.00337467498680541,0.000578551293848177,0,0.00333207550514496,0.00265822784810127,0,0.0126582278481013,28,200
"PT","biomass",750,"all_gulf","_1",0.491052137644682,0.45347591150591,0.521407845768838,0.491052137644682,0.45347591150591,0.521407845768838,4.16333634234434e-18,0,5.55111512312578e-17,0.490603537095823,0.45347591150591,0.521407845768838,0.490150031374484,0.45347591150591,0.521407845768838,0.000453505721339264,0,0.00318624686979855,0.000448600548858905,0,0.00314844876496776,0.00208860759493671,0,0.0126582278481013,28,200
"PT","biomass",760,"all_gulf","_1",0.487750827987596,0.457247299462672,0.516376487249491,0.487750827987596,0.457247299462672,0.516376487249491,4.44089209850063e-18,0,5.68989300120396e-17,0.48723206275456,0.455117819837131,0.516376487249491,0.486707805689581,0.453291738222509,0.516376487249491,0.000524257064979353,0,0.0031718533473153,0.000518765233036218,0,0.00313394990146819,0.00246835443037975,0,0.0126582278481013,28,200
"PT","biomass",770,"all_gulf","_1",0.488923079879382,0.456398132445688,0.519400159702441,0.488923079879382,0.456398132445688,0.519400159702441,4.71844785465692e-18,0,1.11022302462516e-16,0.488363867834065,0.456398132445688,0.51935843923806,0.4877985048238,0.454164381405416,0.519293783149301,0.000565363010265592,0,0.00328675985151828,0.00055921204531617,0,0.00324531005431587,0.00259493670886076,0,0.0126582278481013,28,200
"PT","biomass",780,"all_gulf","_1",0.488822864308595,0.456414009267333,0.51891801906582,0.488822864308595,0.456414009267333,0.51891801906582,4.9960036108132e-18,0,1.11022302462516e-16,0.488319458778952,0.453738467452571,0.517329554569526,0.487810665662196,0.451606430187085,0.517020710489066,0.000508793116756253,0,0.00322597929127779,0.000503405529642569,0,0.00318446600191369,0.00240506329113924,0,0.0126582278481013,28,200
"PT","biomass",790,"all_gulf","_1",0.489145712323767,0.457817210714379,0.517611980158807,0.489145712323767,0.457817210714379,0.517611980158807,4.9960036108132e-18,0,5.55111512312578e-17,0.488651947544695,0.457817210714379,0.517611980158807,0.488152684527859,0.457817210714379,0.517592617824312,0.000499263016835827,0,0.00316037185884648,0.000493764779072024,0,0.00312074907576989,0.00227848101265823,0,0.0126582278481013,28,200
"PT","biomass",800,"all_gulf","_1",0.480228201304416,0.450549001953096,0.513797087940256,0.480228201304416,0.450549001953096,0.513797087940256,5.55111512312578e-18,0,5.68989300120396e-17,0.479747057193313,0.447618169329929,0.511207565107003,0.479260670513001,0.44465508090787,0.510451290784366,0.000486386680312268,0,0.00321727320809111,0.000481144111102731,0,0.00317923555564716,0.00221518987341772,0,0.0126582278481013,27,200
"PT","biomass",810,"all_gulf","_1",0.480768910050754,0.449117455589341,0.508517703490247,0.480768910050754,0.449117455589341,0.508517703490247,5.27355936696949e-18,0,5.68989300120396e-17,0.480295568916544,0.449117455589341,0.508517703490247,0.479816992234353,0.446953192048684,0.508517703490247,0.000478576682191161,0,0.00334141973336766,0.000473341134210052,0,0.0032978804135872,0.00215189873417722,0,0.0126582278481013,27,200
"PT","biomass",820,"all_gulf","_1",0.479636978639415,0.449923853182345,0.509282462261967,0.479636978639415,0.449923853182345,0.509282462261967,1.94289029309402e-18,0,5.55111512312578e-17,0.479131243753709,0.449923853182345,0.509282462261967,0.478619893052677,0.448443678659106,0.508985635486168,0.000511350701031767,0,0.00330432898612688,0.000505734885705628,0,0.00326273255969484,0.00227848101265823,0,0.0126582278481013,27,200
"PT","biomass",830,"all_gulf","_1",0.478640707902879,0.446944589801906,0.512225729235385,0.478640707902879,0.446944589801906,0.512225729235385,6.10622663543836e-18,0,1.11022302462516e-16,0.478132016088128,0.443966688748642,0.512137189311221,0.477617537159043,0.443323038416003,0.512137189311221,0.000514478929085443,0,0.00355205586600058,0.000508691814750404,0,0.00350556915127205,0.00227848101265823,0,0.0126582278481013,27,200
"PT","biomass",840,"all_gulf","_1",0.481484428972532,0.448132988350148,0.515440027079817,0.481484428972532,0.448132988350148,0.515440027079817,3.33066907387547e-18,0,5.55111512312578e-17,0.481057215621371,0.447260736044506,0.515440027079817,0.480625574059034,0.447237248445261,0.515440027079817,0.000431641562336628,0,0.00292756240989987,0.000427213351161617,0,0.00289502338257759,0.00208860759493671,0,0.0126582278481013,27,200
"PT","biomass",850,"all_gulf","_1",0.479883782253155,0.449485039953087,0.51091482500768,0.479883782253155,0.449485039953087,0.51091482500768,5.27355936696949e-18,0,5.68989300120396e-17,0.479293871556298,0.448648937613321,0.51091482500768,0.478697467150892,0.448215184286491,0.51091482500768,0.000596404405406252,0,0.00343177014763571,0.000589910696857071,0,0.00338842388228544,0.00265822784810127,0,0.0126582278481013,27,200
"PT","biomass",860,"all_gulf","_1",0.481586983403458,0.445689210233946,0.510952582690439,0.481586983403458,0.445689210233946,0.510952582690439,3.88578058618805e-18,0,5.55111512312578e-17,0.48121509626348,0.443982777657282,0.510952582690439,0.480839317931499,0.443950151282783,0.510952582690439,0.000375778331980787,0,0.00295775737181954,0.000371887139978164,0,0.00292364064774166,0.00177215189873418,0,0.0126582278481013,27,200
"PT","biomass",870,"all_gulf","_1",0.483973536898246,0.457631913469839,0.516210889734883,0.483973536898246,0.457631913469839,0.516210889734883,8.32667268468867e-18,0,1.11022302462516e-16,0.483545527196323,0.455917928288055,0.516210889734883,0.483113177003101,0.454288240586614,0.516210889734883,0.00043235019322283,0,0.00300186467466883,0.000428009701922538,0,0.00296712410892711,0.00215189873417722,0,0.0126582278481013,25,200
"PT","biomass",880,"all_gulf","_1",0.485043437250336,0.453184263651882,0.518556252088717,0.485043437250336,0.453184263651882,0.518556252088717,8.88178419700125e-18,0,1.11022302462516e-16,0.484615518818786,0.453184263651882,0.518556252088717,0.484182561939335,0.452188249607466,0.518556252088717,0.000432956879451519,0,0.00366526310651629,0.000427918431550372,0,0.0036136861022066,0.00183544303797468,0,0.0126582278481013,24,200
"PT","biomass",890,"all_gulf","_1",0.486077514119429,0.455532177068691,0.515336070793579,0.486077514119429,0.455532177068691,0.515336070793579,4.16333634234434e-18,0,5.55111512312578e-17,0.485689959810003,0.455315268274337,0.514541944345824,0.485298371009045,0.452892267417522,0.514541944345824,0.000391588800957448,0,0.00291136898281373,0.000387554309426731,0,0.00287982816665265,0.00189873417721519,0,0.0126582278481013,24,200
"PT","biomass",900,"all_gulf","_1",0.485416362465904,0.449038151359371,0.520230423988084,0.485416362465904,0.449038151359371,0.520230423988084,5.82867087928207e-18,0,1.11022302462516e-16,0.484890166682267,0.448992333983996,0.520230423988084,0.484358145275439,0.448992333983996,0.520230423988084,0.000532021406828821,0,0.00329881749114056,0.000526195783636986,0,0.00325697769087984,0.00240506329113924,0,0.0126582278481013,24,200
"PT","biomass",910,"all_gulf","_1",0.473091951916344,0.439955627583758,0.508603285675421,0.473091951916344,0.439955627583758,0.508603285675421,5.27355936696949e-18,0,1.11022302462516e-16,0.472463575382984,0.439955627583758,0.507984167835726,0.471828282042039,0.439955627583758,0.506160968684092,0.000635293340944891,0,0.0034198412287549,0.000628376533359641,0,0.00337351862751868,0.00284810126582278,0,0.0126582278481013,23,200
"PT","biomass",920,"all_gulf","_1",0.481235215637064,0.446978036011983,0.511700723134987,0.481235215637064,0.446978036011983,0.511700723134987,1.94289029309402e-18,0,1.38777878078176e-18,0.480666470893903,0.446978036011983,0.511700723134987,0.480090871020079,0.446069328981135,0.511700723134987,0.000575599873823738,0,0.00360439910162903,0.000568744743161574,0,0.00355306123203828,0.00240506329113924,0,0.0126582278481013,22,200
"PT","biomass",930,"all_gulf","_1",0.478441458481438,0.44514986906982,0.511960123010215,0.478441458481438,0.44514986906982,0.511960123010215,4.16333634234434e-18,0,5.68989300120396e-17,0.47783734340151,0.445141286485151,0.511960123010215,0.477226242796786,0.445141286485151,0.511960123010215,0.000611100604724339,0,0.00354715638003353,0.00060411507992761,0,0.00349878221967636,0.00265822784810127,0,0.0126582278481013,22,200
"PT","biomass",940,"all_gulf","_1",0.464845066795373,0.427578537868484,0.498234074469752,0.464845066795373,0.427578537868484,0.498234074469752,4.9960036108132e-18,0,1.11022302462516e-16,0.464395632284259,0.425519530997454,0.498232132106827,0.463940910916765,0.425519530997454,0.497171886664308,0.000454721367494151,0,0.00364443114252541,0.000449434511113911,0,0.00359594589287823,0.00189873417721519,0,0.0126582278481013,22,200
"PT","biomass",950,"all_gulf","_1",0.465258424727666,0.43227173417474,0.496859240687531,0.465258424727666,0.43227173417474,0.496859240687531,6.66133814775094e-18,0,1.11022302462516e-16,0.464751604295334,0.43227173417474,0.496859240687531,0.46423853752309,0.43227173417474,0.496859240687531,0.000513066772244315,0,0.00386379951177087,0.000506820432331712,0,0.003810351326728,0.0020253164556962,0,0.0126582278481013,22,200
"PT","biomass",960,"all_gulf","_1",0.465290091051032,0.431283750452599,0.494343379892585,0.465290091051032,0.431283750452599,0.494343379892585,4.16333634234434e-18,0,5.55111512312578e-17,0.464705881718295,0.431283750452599,0.494286226167287,0.464114976884114,0.431283750452599,0.49330549388643,0.000590904834180767,0,0.00363383944705262,0.000584209332737322,0,0.00358589012058539,0.00253164556962025,0,0.0126582278481013,22,200
"PT","biomass",970,"all_gulf","_1",0.465757955907826,0.428009197054907,0.494166865317591,0.465757955907826,0.428009197054907,0.494166865317591,4.44089209850063e-18,0,1.11022302462516e-16,0.465243005217507,0.428009197054907,0.494096499133222,0.464722005486885,0.427708194484183,0.493186000108996,0.000520999730622195,0,0.00353803188443172,0.000514950690319137,0,0.00349344941918055,0.00215189873417722,0,0.0126582278481013,22,200
"PT","biomass",980,"all_gulf","_1",0.464943992754042,0.430779798136858,0.497678246070145,0.464943992754042,0.430779798136858,0.497678246070145,4.71844785465692e-18,0,5.68989300120396e-17,0.464426069335394,0.42869138267572,0.496581234597275,0.46390206174932,0.425163926907497,0.495905364237944,0.00052400758607446,0,0.00359319008512274,0.00051792341864737,0,0.00354325197578159,0.00215189873417722,0,0.0126582278481013,22,200
"PT","biomass",990,"all_gulf","_1",0.464099804655683,0.421171281044611,0.495916561077277,0.464099804655683,0.421171281044611,0.495916561077277,6.66133814775094e-18,0,1.11022302462516e-16,0.463647019385644,0.421171281044611,0.495524867667719,0.463189111460902,0.419751816712593,0.495524867667719,0.000457907924742612,0,0.00344543166513251,0.00045278527003891,0,0.00340414722760865,0.0019620253164557,0,0.0126582278481013,22,200
"PT","biomass",1000,"all_gulf","_1",0.464405401912919,0.432782515679135,0.494315507639848,0.464405401912919,0.432782515679135,0.494315507639848,6.10622663543836e-18,0,1.11022302462516e-16,0.463755040596052,0.432080876735134,0.494315507639848,0.463097061329922,0.430141648194883,0.494315507639848,0.000657979266130662,0,0.00366546634351989,0.00065036131686661,0,0.00361647182956108,0.00272151898734177,0,0.0126582278481013,22,200
"PT","occurrence",10,"all_gulf","_1",0.536731144085456,0.503883089849575,0.565762698831143,0.536731144085456,0.503883089849575,0.565762698831143,5.55111512312578e-18,0,1.11022302462516e-16,0.536426396072977,0.503883089849575,0.565762698831143,0.536140766607565,0.503883089849575,0.565762698831143,0.000285629465412047,0,0.00237417781014637,0.000304748012478378,0,0.00237428099387748,0.0018370658876988,0,0.0126582278481013,53,200
"PT","occurrence",20,"all_gulf","_1",0.562023849620039,0.535020178293681,0.591458130096751,0.562023849620039,0.535020178293681,0.59145813009675,6.66133814775094e-18,-2.77555756156283e-18,1.11022302462516e-16,0.561736385827914,0.535020178293681,0.59116532391035,0.561446496027738,0.534863358199434,0.589755431320781,0.000289889800176205,0,0.00201123148128108,0.000287463792125066,0,0.00199338815324595,0.0020253164556962,0,0.0126582278481013,59,200
"PT","occurrence",30,"all_gulf","_1",0.557416063873562,0.528998031906171,0.585191973946923,0.557416063873562,0.528998031906171,0.585191973946923,7.7715611723761e-18,0,1.11022302462516e-16,0.557057700112262,0.528998031906171,0.584625121810664,0.556696155408248,0.528998031906171,0.584625121810664,0.00036154470401466,0,0.0021641940555201,0.000358363761299366,0,0.00214332733404368,0.00234177215189873,0,0.0126582278481013,60,200
"PT","occurrence",40,"all_gulf","_1",0.551520431470281,0.523868772775018,0.575976986246303,0.551520431470281,0.523868772775018,0.575976986246303,8.32667268468867e-18,0,1.11022302462516e-16,0.551209562981792,0.523868772775018,0.5755533870543,0.550905858992254,0.523868772775018,0.575529730946075,0.000303703989537801,0,0.00225001544599137,0.000310868488489308,0,0.00224669559816683,0.00209023044466082,0,0.0126582278481013,59,200
"PT","occurrence",50,"all_gulf","_1",0.557943909251003,0.532993545030818,0.584510234921834,0.557943909251003,0.532993545030818,0.584510234921834,7.7715611723761e-18,0,1.11022302462516e-16,0.557565883481899,0.532853610834412,0.584321346364179,0.557184527446483,0.53055719978521,0.584321346364179,0.000381356035416004,0,0.00214503774925271,0.000378025769103995,0,0.00212381452870052,0.00253164556962025,0,0.0126582278481013,60,200
"PT","occurrence",60,"all_gulf","_1",0.546907209554076,0.518798407045587,0.572665425846754,0.546907209554076,0.518798407045587,0.572665425846754,7.21644966006352e-18,0,1.11022302462516e-16,0.546620901754807,0.518618242043221,0.572665425846754,0.546335752000565,0.517576418938982,0.572665425846754,0.000285149754241598,0,0.00222423138472805,0.000286307799268694,0,0.0022322441126877,0.00196364816617981,0,0.0126582278481013,58,200
"PT","occurrence",70,"all_gulf","_1",0.542134444544724,0.515601517097028,0.574396679881723,0.542134444544724,0.515601517097028,0.574396679881723,7.7715611723761e-18,0,1.11022302462516e-16,0.541789031763682,0.51460016928848,0.574387370296638,0.541440307860925,0.514458932681879,0.574336180072968,0.000348723902756142,0,0.0024136850608761,0.000345412781042408,0,0.0023887599837363,0.0020253164556962,0,0.0126582278481013,56,200
"PT","occurrence",80,"all_gulf","_1",0.544901545335719,0.515233304294508,0.570953896598232,0.544901545335719,0.515233304294508,0.570953896598232,4.9960036108132e-18,0,1.11022302462516e-16,0.544560631243277,0.514059472660972,0.570953896598232,0.544216428558934,0.514059472660972,0.570953896598232,0.000344202684343277,0,0.00244654738408823,0.000340914092441894,0,0.00242010862898468,0.00208860759493671,0,0.0126582278481013,55,200
"PT","occurrence",90,"all_gulf","_1",0.535470313162084,0.507490719810795,0.562215739357016,0.535470313162084,0.507490719810795,0.562215739357016,4.9960036108132e-18,0,1.11022302462516e-16,0.535084187770416,0.507490719810795,0.562215739357016,0.534694337138319,0.507490719810795,0.562215739357016,0.000389850632097377,0,0.00245668962620504,0.000386125391667262,0,0.00243083220648413,0.00221518987341772,0,0.0126582278481013,54,200
"PT","occurrence",100,"all_gulf","_1",0.530168800943081,0.499467485359421,0.554365375345732,0.530168800943081,0.499467485359421,0.554365375345732,4.9960036108132e-18,0,1.11022302462516e-16,0.529805230515585,0.499430202485388,0.554365375345732,0.529438083217686,0.499430202485388,0.554365375345732,0.000367147297898863,0,0.00257485809459903,0.000363570427496473,0,0.00254578364989022,0.00208860759493671,0,0.0126582278481013,53,200
"PT","occurrence",110,"all_gulf","_1",0.523920332866315,0.499755942277128,0.549555687383881,0.523920332866315,0.499755942277128,0.549555687383881,5.27355936696949e-18,0,1.11022302462516e-16,0.523599780259135,0.499755942277128,0.549555687383881,0.523276117447349,0.499755942277128,0.549555687383881,0.000323662811785932,0,0.00254805226038031,0.000320552607179953,0,0.00252108391308597,0.00177215189873418,0,0.0126582278481013,53,200
"PT","occurrence",120,"all_gulf","_1",0.523603445589012,0.49359685316367,0.551029421409423,0.523603445589012,0.49359685316367,0.551029421409423,8.32667268468867e-18,0,1.11022302462516e-16,0.523257843485736,0.49359685316367,0.551029421409423,0.522908848759247,0.49359685316367,0.551029421409423,0.000348994726488424,0,0.00244619758160149,0.000345602103276725,0,0.00242214856148099,0.00189873417721519,0,0.0126582278481013,53,200
"PT","occurrence",130,"all_gulf","_1",0.527450546317297,0.50276915831715,0.552516044689756,0.527450546317297,0.50276915831715,0.552516044689756,7.7715611723761e-18,0,1.11022302462516e-16,0.527047855716441,0.501659124733236,0.552516044689756,0.526641360824432,0.500805625604533,0.552516044689756,0.000406494892008322,0,0.00246328241028575,0.000402690600856129,0,0.00243916939949239,0.00234177215189873,0,0.0126582278481013,53,200
"PT","occurrence",140,"all_gulf","_1",0.526855980048893,0.503493242650763,0.551601364249237,0.526855980048893,0.503493242650763,0.551601364249237,4.44089209850063e-18,0,1.11022302462516e-16,0.526452594524456,0.503493242650763,0.550189157791963,0.526047793628262,0.502604203621806,0.54988395032188,0.00040480089619482,0,0.00248454951685672,0.000403385524436885,0,0.0024839002184341,0.00228010386238234,0,0.0126582278481013,53,200
"PT","occurrence",150,"all_gulf","_1",0.528930169409464,0.501579511613647,0.556455548148128,0.528930169409464,0.501579511613647,0.556455548148128,6.10622663543836e-18,0,1.11022302462516e-16,0.528463390995353,0.500969832955836,0.556455548148128,0.527991954901237,0.500296586461324,0.556455548148128,0.000471436094116603,0,0.00261020209066553,0.000466778414111178,0,0.00258194707859911,0.00259493670886076,0,0.0126582278481013,53,200
"PT","occurrence",160,"all_gulf","_1",0.516714096359449,0.491401354747965,0.544203073126067,0.516714096359449,0.491401354747965,0.544203073126067,8.32667268468867e-18,0,1.11022302462516e-16,0.516321397776142,0.491401354747965,0.544203073126067,0.515927747400815,0.490869474672789,0.543491752925204,0.000393650375326617,0,0.00268451043441458,0.000392698583306929,0,0.00266161233360257,0.00209023044466082,0,0.0126582278481013,49,200
"PT","occurrence",170,"all_gulf","_1",0.513607406115854,0.487025287722627,0.539935499122143,0.513607406115854,0.487025287722627,0.539935499122143,6.10622663543836e-18,0,1.11022302462516e-16,0.51315078086918,0.48424131818044,0.539932445262369,0.512689400773731,0.483570639094263,0.539828084361479,0.000461380095448752,0,0.0028551304495329,0.000456625246673796,0,0.00282344819498345,0.00234177215189873,0,0.0126582278481013,49,200
"PT","occurrence",180,"all_gulf","_1",0.513756545020887,0.487781300541845,0.540216620839815,0.513756545020887,0.487781300541845,0.540216620839815,4.9960036108132e-18,0,1.11022302462516e-16,0.513298852992261,0.487640732225464,0.540216620839815,0.512836193664706,0.48610246179892,0.540216620839815,0.000462659327555518,0,0.00289533237637796,0.00045769202862566,0,0.0028605179900793,0.00221518987341772,0,0.0126582278481013,48,200
"PT","occurrence",190,"all_gulf","_1",0.503479149989756,0.474142213192985,0.527086635013371,0.503479149989756,0.474142213192985,0.527086635013371,8.04911692853238e-18,0,1.11022302462516e-16,0.503101754358455,0.474142213192985,0.527086635013371,0.502724593761016,0.474142213192985,0.527086635013371,0.000377160597438653,0,0.00290642829463124,0.000377395631301724,0,0.00302298160703203,0.0018370658876988,0,0.0126582278481013,47,200
"PT","occurrence",200,"all_gulf","_1",0.509287166222866,0.483131035014435,0.537062733547516,0.509287166222866,0.483131035014435,0.537062733547516,1.13797860024079e-17,0,1.11022302462516e-16,0.508851582655898,0.482737009342697,0.535764753141993,0.508411023798883,0.482113475033955,0.535764753141993,0.000440558857015471,0,0.00307017227464318,0.000435583566967819,0,0.00303375507654524,0.0020253164556962,0,0.0126582278481013,46,200
"PT","occurrence",210,"all_gulf","_1",0.509672322421555,0.48571497606926,0.534174655729464,0.509672322421555,0.48571497606926,0.534174655729464,8.04911692853238e-18,0,1.11022302462516e-16,0.509177328184825,0.485116673444694,0.534174655729464,0.508676712300697,0.485116673444694,0.533911349696344,0.000500615884127824,0,0.00320006606109869,0.000494994236730802,0,0.00315941706018201,0.00234177215189873,0,0.0126582278481013,46,200
"PT","occurrence",220,"all_gulf","_1",0.503311144204839,0.47670217822995,0.531345852760698,0.503311144204839,0.47670217822995,0.531345852760698,7.21644966006352e-18,0,1.11022302462516e-16,0.502776071598031,0.47670217822995,0.531291829500773,0.502234817648381,0.47559667194178,0.529349890183923,0.000541253949649778,0,0.00317136405471483,0.000535072606808086,0,0.00313423196132502,0.00240506329113924,0,0.0126582278481013,45,200
"PT","occurrence",230,"all_gulf","_1",0.501591543457575,0.473867698171433,0.527640205675914,0.501591543457575,0.473867698171433,0.527640205675914,5.82867087928207e-18,0,1.11022302462516e-16,0.501046725523846,0.473867698171433,0.525019859412353,0.500500526904884,0.473645984037641,0.524948541466672,0.000546198618961505,0,0.00317261462735437,0.000544817933729007,0,0.00313261017623855,0.00259655955858487,0,0.0126582278481013,45,200
"PT","occurrence",240,"all_gulf","_1",0.501228660516987,0.47793167406934,0.526136335454527,0.501228660516987,0.47793167406934,0.526136335454527,5.55111512312578e-18,0,1.11022302462516e-16,0.500903460406386,0.47793167406934,0.526136335454527,0.500574464265236,0.477383060352003,0.526136335454527,0.000328996141149497,0,0.00303977314347997,0.000325200110600895,0,0.00300366820917576,0.00151898734177215,0,0.0126582278481013,45,200
"PT","occurrence",250,"all_gulf","_1",0.50043090150644,0.471573496797284,0.526569333155971,0.50043090150644,0.471573496797284,0.526569333155971,1.08246744900953e-17,0,1.11022302462516e-16,0.499858894214399,0.469989627501691,0.526252494557676,0.499280109643682,0.469566639229615,0.526157446020929,0.000578784570717124,0,0.00338594365672852,0.000572007292040491,0,0.00334267199414864,0.00253164556962025,0,0.0126582278481013,45,200
"PT","occurrence",260,"all_gulf","_1",0.504372407952144,0.479451755991822,0.535911094041535,0.504372407952144,0.479451755991822,0.535911094041535,3.60822483003176e-18,0,5.68989300120396e-17,0.50399445363474,0.479451755991822,0.535426244110848,0.503612117389942,0.479451755991822,0.535426244110848,0.000382336244797807,0,0.00310048540746101,0.000377954317403504,0,0.00306266310748482,0.00170886075949367,0,0.0126582278481013,44,200
"PT","occurrence",270,"all_gulf","_1",0.504775231964855,0.482129010308134,0.530201586103514,0.504775231964855,0.482129010308134,0.530201586103514,8.32667268468867e-18,0,1.11022302462516e-16,0.50435639611812,0.482129010308134,0.530201586103514,0.503932543987462,0.480452629721662,0.530201586103514,0.000423852130658485,0,0.00323712050984771,0.000418835846734803,0,0.00319412288610939,0.00183544303797468,0,0.0126582278481013,44,200
"PT","occurrence",280,"all_gulf","_1",0.502471781629381,0.472914650924243,0.529871429230938,0.502471781629381,0.472914650924243,0.529871429230938,7.49400541621981e-18,0,1.11022302462516e-16,0.501953478472994,0.472914650924243,0.529415876640664,0.501429021633096,0.472914650924243,0.526613532163655,0.000524456839897515,0,0.0033626446194963,0.000518303156387148,0,0.00331903115628537,0.00234177215189873,0,0.0126582278481013,44,200
"PT","occurrence",290,"all_gulf","_1",0.503747525858506,0.478471491445693,0.533661579263222,0.503747525858506,0.478471491445693,0.533661579263222,1.16573417585641e-17,0,1.11022302462516e-16,0.503290260238073,0.478471491445693,0.533378421613097,0.50282756650621,0.478471491445693,0.531098463943953,0.000462693731862957,0,0.00323214363098907,0.000457265620432515,0,0.00319095981666781,0.0020253164556962,0,0.0126582278481013,44,200
"PT","occurrence",300,"all_gulf","_1",0.495926862043096,0.468859448130118,0.52125307593024,0.495926862043096,0.468859448130118,0.52125307593024,5.55111512312578e-18,0,1.11022302462516e-16,0.495436807655029,0.468859448130118,0.521151344915495,0.494940749694999,0.467637035949073,0.521151344915495,0.000496057960030104,0,0.00336786285131077,0.000490054388067846,0,0.00332442868408662,0.0020253164556962,0,0.0126582278481013,42,200
"PT","occurrence",310,"all_gulf","_1",0.486348971815038,0.460830895982749,0.514385509086814,0.486348971815038,0.460830895982749,0.514385509086814,3.88578058618805e-18,0,5.68989300120396e-17,0.485876693463928,0.460830895982749,0.514385509086814,0.485398129343458,0.459315015703554,0.514385509086814,0.000478564120470636,0,0.00369936275380556,0.000472278351109505,0,0.00364733120289183,0.00177215189873418,0,0.0126582278481013,40,200
"PT","occurrence",320,"all_gulf","_1",0.485695222582782,0.455669309368885,0.513380043154934,0.485695222582782,0.455669309368885,0.513380043154934,3.88578058618805e-18,0,5.68989300120396e-17,0.485165131200376,0.455669309368885,0.513380043154934,0.484628312022355,0.454673548754863,0.513380043154934,0.000536819178020917,0,0.00356883854813006,0.000530091382405976,0,0.00352040655134877,0.00208860759493671,0,0.0126582278481013,40,200
"PT","occurrence",330,"all_gulf","_1",0.482921272032306,0.456803897169936,0.508727546228104,0.482921272032306,0.456803897169936,0.508727546228104,6.66133814775094e-18,0,1.11022302462516e-16,0.482302799437091,0.456803897169936,0.507558841371342,0.481676627874508,0.455640482694844,0.507379678243889,0.000626171562582872,0,0.00355276006095498,0.000618472595214466,0,0.003504942240974,0.00246835443037975,0,0.0126582278481013,39,200
"PT","occurrence",340,"all_gulf","_1",0.483630196859827,0.456753728055537,0.512661334965672,0.483630196859827,0.456753728055537,0.512661334965672,4.9960036108132e-18,0,1.11022302462516e-16,0.483287219361105,0.456667284292812,0.512661334965672,0.482940026144352,0.456667284292812,0.512661334965672,0.000347193216753054,0,0.00341740335826399,0.000342977498722202,0,0.0033723375581362,0.00139240506329114,0,0.0126582278481013,39,200
"PT","occurrence",350,"all_gulf","_1",0.482087901345032,0.456266144300166,0.509466215010751,0.482087901345032,0.456266144300166,0.509466215010751,4.71844785465692e-18,0,1.11022302462516e-16,0.481419030646627,0.455355656119089,0.509466215010751,0.480741796301948,0.452756597269045,0.509053293627709,0.000677234344678826,0,0.00355278711773649,0.000668870698404789,0,0.00350458985844308,0.00265822784810127,0,0.0126582278481013,39,200
"PT","occurrence",360,"all_gulf","_1",0.484634921253607,0.454617752135299,0.511587577990922,0.484634921253607,0.454617752135299,0.511587577990922,2.77555756156289e-18,0,2.77555756156352e-18,0.484268628408662,0.454617752135299,0.509328566116242,0.483897507942586,0.454345525487526,0.508139530387268,0.000371120466075895,0,0.00355091954776883,0.00036629284494533,0,0.00350334605186893,0.00139240506329114,0,0.0126582278481013,39,200
"PT","occurrence",370,"all_gulf","_1",0.478727609793479,0.448787221745474,0.507420132881393,0.478727609793479,0.448787221745474,0.507420132881393,6.93889390390723e-18,0,1.11022302462516e-16,0.478315532606078,0.448756389363659,0.505423735818647,0.477900312274724,0.447961739020162,0.503764444813435,0.000415220331354797,0,0.002298897372433,0.000412077187401061,0,0.00227949370943604,0.00272151898734177,0,0.0126582278481013,38,200
"PT","occurrence",380,"all_gulf","_1",0.478514924465422,0.452961860008717,0.502769074787671,0.478514924465422,0.452961860008717,0.502769074787671,5.27355936696949e-18,0,1.11022302462516e-16,0.478129972401012,0.452440109063099,0.502468175859243,0.477742089424511,0.450705027103629,0.502468175859243,0.000387882976500317,0,0.00224907509345211,0.000384952064410744,0,0.00223090730220375,0.00253164556962025,0,0.0126582278481013,38,200
"PT","occurrence",390,"all_gulf","_1",0.484672156759485,0.457823553033498,0.511638413662138,0.484672156759485,0.457823553033498,0.511638413662138,4.44089209850063e-18,0,1.11022302462516e-16,0.484201710736957,0.457823553033498,0.511398884139779,0.483727631145106,0.457308080038529,0.511398884139779,0.000474079591851733,0,0.00246162292042541,0.000470446022527977,0,0.00243857438662609,0.00310126582278481,0,0.0126582278481013,37,200
"PT","occurrence",400,"all_gulf","_1",0.483550988856193,0.452475210874418,0.516170737665369,0.483550988856193,0.452475210874418,0.516170737665369,4.9960036108132e-18,0,1.11022302462516e-16,0.483179794208237,0.452460708811789,0.516170737665369,0.48280562032756,0.451281048922371,0.516170737665369,0.000374173880676603,0,0.00239029379087292,0.000371194647955521,0,0.00236761478407122,0.00234177215189873,0,0.0126582278481013,36,200
"PT","occurrence",410,"all_gulf","_1",0.482263300711337,0.450965527055965,0.508914942206475,0.482263300711337,0.450965527055965,0.508914942206475,4.9960036108132e-18,0,1.11022302462516e-16,0.48188512019158,0.450965527055965,0.508914942206475,0.481503669560898,0.45082936783845,0.508914942206475,0.000381450630681306,0,0.00262957018405569,0.000378180519757006,0,0.00260457135897231,0.00221518987341772,0,0.0126582278481013,35,200
"PT","occurrence",420,"all_gulf","_1",0.481796109408688,0.453387529738967,0.512072414711129,0.481796109408688,0.453387529738967,0.512072414711129,5.55111512312578e-18,0,1.11022302462516e-16,0.481424354304871,0.453384842651346,0.512072414711129,0.481049535431768,0.453384842651346,0.512072414711129,0.000374818873103828,0,0.00240198817735392,0.000371755103816448,0,0.00238035156771848,0.00227848101265823,0,0.0126582278481013,35,200
"PT","occurrence",430,"all_gulf","_1",0.481847076559493,0.456908574361845,0.507038574534064,0.481847076559493,0.456908574361845,0.507038574534064,1.11022302462516e-18,0,0,0.481424624695377,0.456908574361845,0.507038574534064,0.480998523034899,0.45660663077772,0.507038574534064,0.000426101660477842,0,0.00269683072070234,0.000422451864116379,0,0.00266974243901944,0.00246835443037975,0,0.0126582278481013,35,200
"PT","occurrence",440,"all_gulf","_1",0.481503274103823,0.454826647421515,0.513611658861761,0.481503274103823,0.454826647421515,0.513611658861761,5.55111512312578e-18,0,1.11022302462516e-16,0.481135418690735,0.454624913400013,0.513310095722191,0.480764267548867,0.453355419481112,0.51278037956596,0.000371151141867203,0,0.00263402213956522,0.000367855413088248,0,0.0026064265107686,0.00208860759493671,0,0.0126582278481013,35,200
"PT","occurrence",450,"all_gulf","_1",0.481769086421657,0.454270994724689,0.507269289826811,0.481769086421657,0.454270994724689,0.507269289826811,4.16333634234434e-18,0,1.11022302462516e-16,0.481517097494322,0.454270994724689,0.507261615477968,0.481262919356174,0.453822618087527,0.505787890171695,0.000254178138147597,0,0.00250946327251774,0.000251988927334779,0,0.00248559832647172,0.00145569620253165,0,0.0126582278481013,35,200
"PT","occurrence",460,"all_gulf","_1",0.483356893754883,0.453406700601336,0.511331716003077,0.483356893754883,0.453406700601336,0.511331716003077,7.7715611723761e-18,0,1.11022302462516e-16,0.48301755955789,0.453406700601336,0.509796199202199,0.48267554015455,0.453406700601336,0.509374059124828,0.000342019403340858,0,0.00222251062468004,0.000339334196992825,0,0.0022033025128944,0.00215189873417722,0,0.0126582278481013,35,200
"PT","occurrence",470,"all_gulf","_1",0.481194632665045,0.453442538729172,0.505910993634753,0.481194632665045,0.453442538729172,0.505910993634753,4.16333634234434e-18,0,1.11022302462516e-16,0.480959408974259,0.453442538729172,0.505910993634753,0.480722187952139,0.451592493472559,0.505910993634753,0.000237221022120194,0,0.00240874366114986,0.000235223690785744,0,0.00238625201391931,0.00139240506329114,0,0.0126582278481013,35,200
"PT","occurrence",480,"all_gulf","_1",0.482494669533224,0.454134464841625,0.512497746637064,0.482494669533224,0.454134464841625,0.512497746637064,4.9960036108132e-18,0,1.11022302462516e-16,0.482072329047378,0.454112964890648,0.511292510928075,0.481646447073599,0.454112964890648,0.511292510928075,0.000425881973778668,0,0.00253746970983385,0.000422340485846291,0,0.00251324792633742,0.00253164556962025,0,0.0126582278481013,35,200
"PT","occurrence",490,"all_gulf","_1",0.48648416508469,0.458397576128247,0.511880185750173,0.48648416508469,0.458397576128247,0.511880185750173,6.66133814775094e-18,0,1.11022302462516e-16,0.48603687411789,0.458397576128247,0.511593603877427,0.485585546303552,0.457177064482382,0.51044847924322,0.00045132781433761,0,0.00264487918749775,0.00044729096680058,0,0.00261734614847649,0.00253164556962025,0,0.0126582278481013,34,200
"PT","occurrence",500,"all_gulf","_1",0.489517965997718,0.459621349930685,0.518258409736397,0.489517965997718,0.459621349930685,0.518258409736397,4.9960036108132e-18,0,1.11022302462516e-16,0.489143642813839,0.459598642827182,0.516716729289975,0.48876601506718,0.459598642827182,0.516716729289975,0.000377627746658847,0,0.00253397836714207,0.00037432318387859,0,0.00250895532895553,0.00215189873417722,0,0.0126582278481013,34,200
"PT","occurrence",510,"all_gulf","_1",0.485273113726058,0.462253521333106,0.512349288358752,0.485273113726058,0.462253521333106,0.512349288358752,4.71844785465692e-18,0,1.11022302462516e-16,0.484938037439977,0.460461869211681,0.512209213473489,0.484600071607762,0.458051920101456,0.512209213473489,0.000337965832214943,0,0.00252845090406612,0.000335076286081326,0,0.00250417429959961,0.0019620253164557,0,0.0126582278481013,34,200
"PT","occurrence",520,"all_gulf","_1",0.48941450378958,0.456680672763258,0.5200795967028,0.48941450378958,0.456680672763258,0.5200795967028,4.16333634234434e-18,0,5.55111512312578e-17,0.489014256089069,0.455791658077155,0.5200795967028,0.488610393533312,0.455791658077155,0.5200795967028,0.000403862555756699,0,0.0027077204998399,0.000400247700511096,0,0.00267791570928308,0.00227848101265823,0,0.0126582278481013,33,200
"PT","occurrence",530,"all_gulf","_1",0.487314161087673,0.461016562215701,0.51597367720741,0.487314161087673,0.461016562215701,0.51597367720741,3.05311331771918e-18,0,5.55111512312578e-17,0.486959101264591,0.460444319326239,0.51597367720741,0.486600978511481,0.458197606172369,0.51597367720741,0.000358122753110169,0,0.00249257950032756,0.000355059823081539,0,0.00246794919717983,0.00208860759493671,0,0.0126582278481013,33,200
"PT","occurrence",540,"all_gulf","_1",0.485104162481587,0.452936151052887,0.511589958397891,0.485104162481587,0.452936151052887,0.511589958397891,1.19348975147204e-17,0,1.11022302462516e-16,0.484763745216186,0.452936151052887,0.511589265183612,0.484420000508243,0.452936151052887,0.511537369747772,0.000343744707943087,0,0.0028013124031802,0.000340417265401309,0,0.00277105501863865,0.00177215189873418,0,0.0126582278481013,32,200
"PT","occurrence",550,"all_gulf","_1",0.484045397524903,0.449204098384208,0.515571913698722,0.484045397524903,0.449204098384208,0.515571913698722,8.60422844084496e-18,0,5.55111512312578e-17,0.483739508938261,0.449163832419129,0.515571913698722,0.483430706283199,0.447480972785463,0.514731251921098,0.000308802655061944,0,0.00288705567756898,0.000305888586641952,0,0.00285405359882257,0.00164556962025316,0,0.0126582278481013,31,200
"PT","occurrence",560,"all_gulf","_1",0.483964513003745,0.453280416597012,0.511572887566873,0.483964513003745,0.453280416597012,0.511572887566873,1.16573417585641e-17,0,5.68989300120396e-17,0.483497668347278,0.453280416597012,0.511086517003813,0.483026444000976,0.453280416597012,0.51041046142984,0.000471224346302013,0,0.00281239974125949,0.000466844656467331,0,0.00278343983401653,0.00253164556962025,0,0.0126582278481013,31,200
"PT","occurrence",570,"all_gulf","_1",0.483714982458901,0.453657276324605,0.511407113629239,0.4837149824589,0.453657276324605,0.511407113629239,8.32667268468867e-18,-1.38777878078142e-18,5.55111512312578e-17,0.483245345736888,0.452901958741545,0.511407113629239,0.482771219450059,0.451557848337846,0.511407113629239,0.000474126286828559,0,0.00280564616948644,0.000469636722012877,0,0.00277633508640073,0.00246835443037975,0,0.0126582278481013,31,200
"PT","occurrence",580,"all_gulf","_1",0.479890135732733,0.452121171060225,0.514518802751466,0.479890135732733,0.452121171060225,0.514518802751466,7.49400541621981e-18,-5.55111512312578e-17,5.55111512312578e-17,0.479429463108996,0.450105370697819,0.514518802751466,0.478964555265091,0.449149149333614,0.513822380668649,0.000464907843905433,-1.38777878078142e-18,0.00286195140169137,0.000460672623736879,0,0.00283196456188891,0.00253164556962025,0,0.0126582278481013,31,200
"PT","occurrence",590,"all_gulf","_1",0.479614053476939,0.44858855136307,0.507753955126339,0.479614053476939,0.44858855136307,0.507753955126339,5.82867087928207e-18,-5.55111512312578e-17,5.55111512312578e-17,0.479205040804586,0.447695694069271,0.507753955126339,0.478792219190013,0.447631856064413,0.507753955126339,0.000412821614573434,-5.55111512312578e-17,0.0028529911467593,0.000409012672352646,0,0.00282329712558702,0.00221518987341772,0,0.0126582278481013,31,200
"PT","occurrence",600,"all_gulf","_1",0.479523890862942,0.447190264016075,0.506609296307193,0.479523890862942,0.447190264016075,0.506609296307193,6.38378239159465e-18,-5.55111512312578e-17,5.55111512312578e-17,0.479095532419561,0.446853349166951,0.506546518636916,0.478662886890066,0.446809541352716,0.506358546488328,0.000432645529495616,-5.55111512312578e-17,0.00292857565998976,0.000428358443380514,0,0.00289712747399687,0.00215189873417722,0,0.0126582278481013,31,200
"PT","occurrence",610,"all_gulf","_1",0.481525814723144,0.455412334126639,0.514468579487331,0.481525814723144,0.455412334126639,0.514468579487331,5.55111512312578e-18,-5.55111512312578e-17,5.55111512312578e-17,0.481182785944468,0.452697078529938,0.514432287334531,0.480850470555295,0.449748049079594,0.51358460005419,0.00033231538917252,-1.38777878078142e-18,0.00267551496331826,0.000343028778676814,0,0.00265489577980881,0.00196364816617981,0,0.0126582278481013,31,200
"PT","occurrence",620,"all_gulf","_1",0.480013890401084,0.445637399533309,0.507265191077253,0.480013890401084,0.445637399533309,0.507265191077253,8.04911692853238e-18,-1.38777878078142e-18,5.55111512312578e-17,0.479454002324357,0.445637399533309,0.507243206550304,0.47888881423898,0.445637399533309,0.507172604154279,0.000565188085376506,0,0.00281183268059884,0.000559888076726757,0,0.00278113002348206,0.0029746835443038,0,0.0126582278481013,31,200
"PT","occurrence",630,"all_gulf","_1",0.479378259448575,0.451869615662461,0.512793076784119,0.479378259448575,0.451869615662461,0.512793076784119,8.32667268468867e-18,0,5.55111512312578e-17,0.478925304497535,0.450970165178925,0.5116996823678,0.478467835839561,0.450927177360424,0.5116996823678,0.000457468657973892,0,0.00286798108690071,0.000452954951039727,0,0.0028368619673533,0.00227848101265823,0,0.0126582278481013,30,200
"PT","occurrence",640,"all_gulf","_1",0.478975373234866,0.449456880634684,0.508395783399528,0.478975373234866,0.449456880634684,0.508395783399528,7.7715611723761e-18,0,5.68989300120396e-17,0.478424772522386,0.449456880634684,0.508395783399528,0.477868941813878,0.447821251066968,0.508383157232778,0.000555830708508671,0,0.0030360755021397,0.000550600712479093,0,0.00300128710855928,0.00291139240506329,0,0.0126582278481013,30,200
"PT","occurrence",650,"all_gulf","_1",0.4814754376582,0.451659812135142,0.513763956575678,0.4814754376582,0.451659812135142,0.513763956575678,7.7715611723761e-18,0,5.68989300120396e-17,0.481094623631811,0.451659812135142,0.513763956575678,0.480709984549026,0.450293401117676,0.512545570796092,0.00038463908278456,0,0.00285306054768874,0.00038081402638927,0,0.00282331666865395,0.00189873417721519,0,0.0126582278481013,30,200
"PT","occurrence",660,"all_gulf","_1",0.474667277250345,0.443220893759807,0.506130428150546,0.474667277250345,0.443220893759807,0.506130428150546,6.10622663543836e-18,0,5.55111512312578e-17,0.474103991865772,0.443220893759807,0.506130428150546,0.473534728891152,0.443220893759807,0.506130428150546,0.000569262974620779,0,0.00323508088533591,0.000563285384572696,0,0.00319520319365902,0.00265822784810127,0,0.0126582278481013,29,200
"PT","occurrence",670,"all_gulf","_1",0.474706559325447,0.443352794944294,0.504135381924598,0.474706559325447,0.443352794944294,0.504135381924598,7.49400541621981e-18,0,5.68989300120396e-17,0.474144483717543,0.443344817994089,0.504135381924598,0.473576814619602,0.443344817994089,0.504135381924598,0.000567669097941197,0,0.00315347166690341,0.000562075607903984,0,0.00311535374864293,0.00284810126582278,0,0.0126582278481013,29,200
"PT","occurrence",680,"all_gulf","_1",0.475391017750117,0.445844208707659,0.504724057282867,0.475391017750117,0.445844208707659,0.504724057282867,5.27355936696949e-18,0,5.55111512312578e-17,0.475014010899833,0.445844208707659,0.504724057282867,0.474633024162982,0.444852861778521,0.504724057282867,0.000380986736850776,0,0.00308345648433711,0.000377006850284124,0,0.0030475770012435,0.00177215189873418,0,0.0126582278481013,29,200
"PT","occurrence",690,"all_gulf","_1",0.475049729801449,0.438714928564578,0.508749413172835,0.475049729801449,0.438714928564578,0.508749413172835,5.55111512312578e-18,0,5.55111512312578e-17,0.474643591774089,0.438714928564578,0.508749413172835,0.474240886490577,0.438714928564578,0.508749413172835,0.000402705283512292,0,0.00295666130542862,0.000406138027359753,0,0.0029601729998433,0.00202693930542032,0,0.0126582278481013,29,200
"PT","occurrence",700,"all_gulf","_1",0.474306112656732,0.443306017885958,0.504529350736059,0.474306112656732,0.443306017885958,0.504529350736059,6.66133814775094e-18,0,5.55111512312578e-17,0.473716183811709,0.443189252801439,0.504529350736059,0.473120064559733,0.442282534625971,0.504529350736059,0.000596119251975896,0,0.0032857206603558,0.000589928845023331,0,0.00324586684702493,0.00284810126582278,0,0.0126582278481013,28,200
"PT","occurrence",710,"all_gulf","_1",0.476107623167038,0.443097140738148,0.508359811801525,0.476107623167038,0.443097140738148,0.508359811801525,7.7715611723761e-18,0,5.55111512312578e-17,0.475647149407664,0.441915091800248,0.508327363234001,0.475181908496141,0.441254642984699,0.507907110813698,0.000465240911523753,0,0.00304600033634108,0.000460473759373691,0,0.00301134075770496,0.00221518987341772,0,0.0126582278481013,28,200
"PT","occurrence",720,"all_gulf","_1",0.476735943861702,0.448163339970278,0.511148654743083,0.476735943861702,0.448163339970278,0.511148654743083,6.10622663543836e-18,0,5.55111512312578e-17,0.476230345918781,0.446998443422773,0.511148654743083,0.475719525672921,0.443749362266085,0.511148654743083,0.000510820245859086,0,0.00316091059976251,0.000505597942921811,0,0.00312510491530159,0.00240506329113924,0,0.0126582278481013,28,200
"PT","occurrence",730,"all_gulf","_1",0.475422823873356,0.442684152957938,0.507968497700924,0.475422823873356,0.442684152957938,0.507968497700924,6.66133814775094e-18,0,5.55111512312578e-17,0.475025265296383,0.442684152957938,0.507968497700924,0.474623558524014,0.442684152957938,0.507968497700924,0.00040170677236921,0,0.00314830102308627,0.000397558576973047,0,0.0031098138205175,0.00189873417721519,0,0.0126582278481013,28,200
"PT","occurrence",740,"all_gulf","_1",0.476524732622786,0.439630670096118,0.513992851820062,0.476524732622786,0.439630670096118,0.513992851820062,6.66133814775094e-18,0,5.55111512312578e-17,0.475983071240978,0.439591017940903,0.513992851820062,0.475435622259983,0.439591017940903,0.513992851820062,0.000547448980995704,0,0.00313332267358595,0.000541661381807663,0,0.00309533228055008,0.00253164556962025,0,0.0126582278481013,28,200
"PT","occurrence",750,"all_gulf","_1",0.47595179286355,0.446204015273169,0.506365232363735,0.47595179286355,0.446204015273169,0.506365232363735,9.15933995315754e-18,0,1.11022302462516e-16,0.475510518810857,0.444352875357642,0.503932601733324,0.475064802834146,0.443508018535517,0.50249963339607,0.000445715976710098,0,0.00305340427510625,0.000441274052693926,0,0.00301891485872679,0.00221518987341772,0,0.0126582278481013,28,200
"PT","occurrence",760,"all_gulf","_1",0.476015107764232,0.445699584133926,0.502802993257027,0.476015107764231,0.445699584133926,0.502802993257027,7.49400541621981e-18,0,5.68989300120396e-17,0.47553144136195,0.444001438241956,0.502152755940121,0.475042550250719,0.44196930574344,0.500977398874493,0.000488891111230771,0,0.00335637477283646,0.000483666402281897,0,0.00331568549054237,0.00227848101265823,0,0.0126582278481013,28,200
"PT","occurrence",770,"all_gulf","_1",0.475512413120673,0.443579741961115,0.501234827686491,0.475512413120673,0.443579741961115,0.501234827686491,8.04911692853238e-18,0,1.11022302462516e-16,0.47509499720392,0.443121132369818,0.501234827686491,0.47467327419994,0.442868004656147,0.501234827686491,0.000421723003980077,0,0.00311280035740476,0.000417415916752211,0,0.00307742833694637,0.0020253164556962,0,0.0126582278481013,28,200
"PT","occurrence",780,"all_gulf","_1",0.47772969385714,0.446640090333075,0.507131071342733,0.47772969385714,0.446640090333075,0.507131071342733,4.71844785465692e-18,0,5.55111512312578e-17,0.477342902439499,0.446640090333075,0.507027700446022,0.47695210651553,0.446640090333075,0.506802155460092,0.000390795923969051,0,0.00297256842568707,0.00038679141764097,0,0.00293919813514872,0.00189873417721519,0,0.0126582278481013,28,200
"PT","occurrence",790,"all_gulf","_1",0.474119994398573,0.439146617868662,0.506134470697822,0.474119994398573,0.439146617868662,0.506134470697822,6.93889390390723e-18,0,5.55111512312578e-17,0.47364684560474,0.439144706718048,0.506134470697822,0.473175259109381,0.439144706718048,0.506134470697822,0.000471586495358989,0,0.00334026626999184,0.000473148793832627,0,0.00329760753356877,0.00234339500162285,0,0.0126582278481013,28,200
"PT","occurrence",800,"all_gulf","_1",0.465386630593935,0.438362330146425,0.494431889071962,0.465386630593935,0.438362330146425,0.494431889071962,8.04911692853238e-18,0,1.11022302462516e-16,0.46490679168218,0.438362330146425,0.494431889071962,0.464421799267228,0.438362330146425,0.494431889071962,0.000484992414951701,0,0.00346606460880975,0.000479838911754576,0,0.00342326027248331,0.00221518987341772,0,0.0126582278481013,27,200
"PT","occurrence",810,"all_gulf","_1",0.465248546802285,0.432361766610064,0.495939985451388,0.465248546802285,0.432361766610064,0.495939985451388,5.27355936696949e-18,0,5.55111512312578e-17,0.464684851757051,0.430745514142763,0.495939985451388,0.464115120161007,0.430664943691232,0.495939985451388,0.000569731596043579,0,0.00341536621104269,0.000563695045233703,0,0.00337221710960287,0.00259493670886076,0,0.0126582278481013,27,200
"PT","occurrence",820,"all_gulf","_1",0.466426306070067,0.437308825034548,0.494309500083768,0.466426306070067,0.437308825034548,0.494309500083768,5.55111512312578e-18,0,5.55111512312578e-17,0.465921780615622,0.43718965311315,0.494307256739626,0.465411742816775,0.436167526758788,0.493791583643672,0.000510037798846877,0,0.00329297594899194,0.000504525454444967,0,0.00325273242225756,0.00227848101265823,0,0.0126582278481013,27,200
"PT","occurrence",830,"all_gulf","_1",0.465774180845232,0.4320199371716,0.494393306983358,0.465774180845232,0.4320199371716,0.494393306983358,6.38378239159465e-18,0,5.68989300120396e-17,0.465437137680131,0.431492345823812,0.494393306983358,0.465096579818357,0.429410120462818,0.494393306983358,0.0003405578617731,0,0.00294897158568133,0.000337043165101842,0,0.0029186309355212,0.00158227848101266,0,0.0126582278481013,27,200
"PT","occurrence",840,"all_gulf","_1",0.46714628403148,0.436589005393523,0.498574240542559,0.46714628403148,0.436589005393523,0.498574240542559,6.66133814775094e-18,0,5.55111512312578e-17,0.466668679221771,0.434652482082373,0.498574240542559,0.466185908700898,0.433406429295464,0.498574240542559,0.000482770520873403,0,0.00349660935525599,0.000477604809708484,0,0.00345387353348416,0.00215189873417722,0,0.0126582278481013,27,200
"PT","occurrence",850,"all_gulf","_1",0.467253590418105,0.439064338925843,0.496876517479149,0.467253590418105,0.439064338925843,0.496876517479149,7.49400541621981e-18,0,5.55111512312578e-17,0.466726480050974,0.439064338925843,0.495810311357985,0.466193559474727,0.436950361267959,0.495810311357985,0.000532920576246557,0,0.0032751983860549,0.000527110367131144,0,0.00323518125138396,0.00234177215189873,0,0.0126582278481013,27,200
"PT","occurrence",860,"all_gulf","_1",0.465232679913661,0.438721152776141,0.493812586662806,0.465232679913661,0.438721152776141,0.493812586662806,7.49400541621981e-18,0,5.55111512312578e-17,0.464747561486425,0.438384975985237,0.493812586662806,0.464257324222488,0.438384975985237,0.493660126780015,0.000490237263937059,0,0.00331185401497844,0.000485118427236065,0,0.00326948876655058,0.00227848101265823,0,0.0126582278481013,27,200
"PT","occurrence",870,"all_gulf","_1",0.467457250247968,0.435245242186722,0.504072894638884,0.467457250247968,0.435245242186722,0.504072894638884,1.27675647831893e-17,0,1.11022302462516e-16,0.466944604133483,0.435245242186722,0.504072894638884,0.466426841734449,0.434040319276857,0.504072894638884,0.000517762399034218,0,0.00313335234773041,0.000512646114485036,0,0.00309789534265671,0.00253164556962025,0,0.0126582278481013,25,200
"PT","occurrence",880,"all_gulf","_1",0.472279136533801,0.441329279938289,0.508035718808334,0.472279136533801,0.441329279938289,0.508035718808334,1.02695629777827e-17,0,1.11022302462516e-16,0.471806339058717,0.440438403888594,0.506329999121534,0.471328937466444,0.437909630310392,0.505436378585462,0.00047740159227281,0,0.00305970008903227,0.000472797475084881,0,0.00302464580845899,0.00240506329113924,0,0.0126582278481013,24,200
"PT","occurrence",890,"all_gulf","_1",0.472088439180311,0.441450463261123,0.508419482728845,0.472088439180311,0.441450463261123,0.508419482728845,8.32667268468867e-18,0,1.11022302462516e-16,0.471573879315765,0.439193939667869,0.50809403510182,0.471060444794443,0.437867560095004,0.505393219897979,0.000513434521322122,0,0.00307731734609973,0.000514559864545811,0,0.00304257264815373,0.00259655955858487,0,0.0126582278481013,24,200
"PT","occurrence",900,"all_gulf","_1",0.468862914875816,0.432535666468201,0.503563052961766,0.468862914875816,0.432535666468201,0.503563052961766,1.11022302462516e-17,0,1.11022302462516e-16,0.468358941560321,0.432535666468201,0.503513340603343,0.46784976565494,0.431671498009569,0.503148971489894,0.000509175905381873,0,0.00324250299013403,0.000503973315494947,0,0.00320496742125658,0.00240506329113924,0,0.0126582278481013,24,200
"PT","occurrence",910,"all_gulf","_1",0.460418507822199,0.427064983642975,0.491377349564278,0.460418507822199,0.427064983642975,0.491377349564278,9.99200722162641e-18,0,1.11022302462516e-16,0.459915288797025,0.426974903006746,0.490246710161939,0.459406912763579,0.42522633903674,0.48998023783983,0.000508376033446165,0,0.00335057111727022,0.000503219025173898,0,0.00331038854164925,0.00240506329113924,0,0.0126582278481013,23,200
"PT","occurrence",920,"all_gulf","_1",0.464451165607282,0.429217404801388,0.501418732825619,0.464451165607282,0.429217404801388,0.501418732825619,9.71445146547012e-18,0,1.11022302462516e-16,0.463868860509065,0.42914567338171,0.499438637961764,0.463280318237916,0.429136479142996,0.499438637961764,0.000588542271148292,0,0.00340638795241728,0.000582305098217064,0,0.00336552715954771,0.00265822784810127,0,0.0126582278481013,22,200
"PT","occurrence",930,"all_gulf","_1",0.464370244561284,0.431276518728881,0.496803826917311,0.464370244561284,0.431276518728881,0.496803826917311,4.16333634234434e-18,0,5.55111512312578e-17,0.463960445864481,0.43018994615363,0.496803826917311,0.463546360533335,0.43018994615363,0.496803826917311,0.00041408533114628,0,0.00315184297778091,0.000409798696802157,0,0.0031165354776803,0.00189873417721519,0,0.0126582278481013,22,200
"PT","occurrence",940,"all_gulf","_1",0.448037900224824,0.416031553386372,0.485106628599422,0.448037900224824,0.416031553386372,0.485106628599422,7.7715611723761e-18,0,1.11022302462516e-16,0.447516649551955,0.413209546311888,0.485106628599422,0.446989876108709,0.411728464338373,0.483905429634472,0.000526773443245662,0,0.00343909808253739,0.000521250672869237,0,0.0033975864758277,0.00234177215189873,0,0.0126582278481013,22,200
"PT","occurrence",950,"all_gulf","_1",0.449162232156891,0.41428160807744,0.477825909693854,0.449162232156891,0.41428160807744,0.477825909693854,9.15933995315754e-18,0,1.11022302462516e-16,0.448551864992397,0.413950627908172,0.477825909693854,0.44793480936062,0.412805242416976,0.477825909693854,0.000617055631776328,0,0.0035614026710289,0.000610367164494223,0,0.0035158482248939,0.00265822784810127,0,0.0126582278481013,22,200
"PT","occurrence",960,"all_gulf","_1",0.449630733507104,0.419550630472034,0.478533704843845,0.449630733507104,0.419550630472034,0.478533704843845,7.49400541621981e-18,0,1.11022302462516e-16,0.449221033129734,0.418668512271216,0.47838172142094,0.448806712900231,0.418668512271216,0.47788908026985,0.000414320229502119,0,0.00357135371026748,0.000409700377370481,0,0.00352581321854101,0.00170886075949367,0,0.0126582278481013,22,200
"PT","occurrence",970,"all_gulf","_1",0.448139724574885,0.416890069830331,0.475292864809362,0.448139724574885,0.416890069830331,0.475292864809362,7.49400541621981e-18,0,1.11022302462516e-16,0.44754947537357,0.416200613261311,0.475292864809362,0.446952944962527,0.412551356093772,0.475292864809362,0.00059653041104255,0,0.00351916080511926,0.00059024920131519,0,0.00347464462159755,0.00265822784810127,0,0.0126582278481013,22,200
"PT","occurrence",980,"all_gulf","_1",0.451381928826122,0.416483374067298,0.482816057019281,0.451381928826122,0.416483374067298,0.482816057019281,6.66133814775094e-18,0,1.11022302462516e-16,0.45088877081853,0.416483374067298,0.482776950151037,0.450390297581482,0.416483374067298,0.482754792216035,0.000498473237048593,0,0.00336882659919346,0.000493158007591939,0,0.00332852285373902,0.00221518987341772,0,0.0126582278481013,22,200
"PT","occurrence",990,"all_gulf","_1",0.44919545604408,0.419436647261351,0.478435199705501,0.44919545604408,0.419436647261351,0.478435199705501,4.71844785465692e-18,0,5.68989300120396e-17,0.448764041501866,0.417283936979073,0.478435199705501,0.448327943756765,0.416237563738181,0.478435199705501,0.000436097745100696,0,0.00344850497823606,0.000431414542214668,0,0.00340576752434829,0.00189873417721519,0,0.0126582278481013,22,200
"PT","occurrence",1000,"all_gulf","_1",0.45007029216636,0.420684775267917,0.481217135484324,0.45007029216636,0.420684775267917,0.481217135484324,9.15933995315754e-18,0,1.11022302462516e-16,0.449604306021244,0.420684775267917,0.479930455948432,0.449133399230723,0.420684775267917,0.479930455948432,0.000470906790520621,0,0.00335785110021076,0.000465986145116414,0,0.00331734201445376,0.00208860759493671,0,0.0126582278481013,22,200
