contrast,contrast_type,mode,slope_log_nsets,se,p,n_obs
P1a,within,biomass,-0.6691859220225175,0.026262802790107266,3.253777359129156e-143,9100
P1a,within,occurrence,-1.0773799615242614,0.029379093143846072,2.067515204471423e-294,9100
P1b,within,biomass,-0.6181501014418487,0.02543315775892762,1.7403195133198613e-130,9500
P1b,within,occurrence,-0.9340062402539635,0.02738758329907204,6.59643041077891e-255,9500
P2,within,biomass,-0.3374244478660881,0.036301805716308616,1.47238081396302e-20,6200
P2,within,occurrence,-0.6198566220909599,0.03959426632673297,3.0609292441720485e-55,6200
PTb,between,biomass,-1.1949423849079206,0.04766294259081857,1.0389058933050337e-138,7600
PTb,between,occurrence,-2.2633784811548483,0.06979950133240805,1.1483218029571215e-230,7600
PTa,between,biomass,-0.8252615637739721,0.035994665478321135,2.48092688267222e-116,10000
PTa,between,occurrence,-1.1062739326577546,0.049065722079570294,1.4442571185934874e-112,10000
