contrast,contrast_type,mode,family,pct_all,pct_common,shift_pp
P1a,within,biomass,Stability,65.8937324929972,61.78125,-4.112482492997202
P1a,within,biomass,Substitution,9.264093137254902,11.510416666666666,2.2463235294117645
P1a,within,biomass,Functional change,20.20124299719888,19.77916666666667,-0.42207633053221016
P1a,within,biomass,Reorganisation,4.640931372549019,6.929166666666667,2.288235294117648
P1b,within,biomass,Stability,69.45290616246498,71.7908424908425,2.337936328377509
P1b,within,biomass,Substitution,7.950980392156863,5.6826923076923075,-2.2682880844645554
P1b,within,biomass,Functional change,18.73500233426704,18.4742673992674,-0.26073493499963973
P1b,within,biomass,Reorganisation,3.861111111111111,4.052197802197802,0.19108669108669085
P2,within,biomass,Stability,69.52291666666667,53.26269841269841,-16.26021825396826
P2,within,biomass,Substitution,9.610416666666667,21.1468253968254,11.536408730158731
P2,within,biomass,Functional change,17.660416666666666,20.169047619047618,2.508630952380951
P2,within,biomass,Reorganisation,3.20625,5.421428571428572,2.215178571428572
PTb,between,biomass,Stability,34.53896103896104,22.816964285714285,-11.721996753246756
PTb,between,biomass,Substitution,30.35470779220779,40.07924107142858,9.724533279220786
PTb,between,biomass,Functional change,18.262987012987015,23.392857142857142,5.1298701298701275
PTb,between,biomass,Reorganisation,16.843344155844157,13.7109375,-3.1324066558441572
PTa,between,biomass,Stability,24.627596131889607,28.288129044721337,3.66053291283173
PTa,between,biomass,Substitution,41.71179948913753,39.626934221964646,-2.084865267172887
PTa,between,biomass,Functional change,9.56488139175504,10.763754467304164,1.1988730755491233
PTa,between,biomass,Reorganisation,24.09572298721782,21.321182266009853,-2.7745407212079662
P1a,within,occurrence,Stability,70.68841911764706,65.50833333333334,-5.180085784313718
P1a,within,occurrence,Substitution,11.900560224089636,14.370833333333334,2.4702731092436974
P1a,within,occurrence,Functional change,8.841474089635854,10.058333333333334,1.2168592436974794
P1a,within,occurrence,Reorganisation,8.569546568627452,10.0625,1.4929534313725483
P1b,within,occurrence,Stability,69.7640056022409,69.30439560439561,-0.4596099978452912
P1b,within,occurrence,Substitution,13.324463118580766,14.653479853479853,1.3290167348990867
P1b,within,occurrence,Functional change,9.978524743230626,9.015567765567765,-0.962956977662861
P1b,within,occurrence,Reorganisation,6.933006535947712,7.0265567765567765,0.0935502406090647
P2,within,occurrence,Stability,77.95833333333333,50.68095238095238,-27.277380952380952
P2,within,occurrence,Substitution,9.3875,27.331746031746032,17.944246031746033
P2,within,occurrence,Functional change,7.250000000000001,11.81984126984127,4.569841269841269
P2,within,occurrence,Reorganisation,5.404166666666667,10.167460317460318,4.763293650793651
PTb,between,occurrence,Stability,28.261363636363637,23.63727678571429,-4.624086850649348
PTb,between,occurrence,Substitution,48.67288961038961,52.416294642857146,3.7434050324675354
PTb,between,occurrence,Functional change,3.251623376623377,5.087053571428571,1.8354301948051943
PTb,between,occurrence,Reorganisation,19.814123376623378,18.859375,-0.9547483766233782
PTa,between,occurrence,Stability,16.946651514266446,18.183603786342125,1.2369522720756798
PTa,between,occurrence,Substitution,53.93450790987154,51.611059596252296,-2.323448313619245
PTa,between,occurrence,Functional change,5.010900965965514,5.897565922920893,0.8866649569553786
PTa,between,occurrence,Reorganisation,24.1079396098965,24.30777069448469,0.19983108458819032
